1;COLLEGE POLYVALENT BILINGUE YVES PLUMEY;2JJ2WBD111344117;Etablissement;2;3;1er et 2nd Cycles;6;RAS;381015319;MARZA, ;1;MARZA;;\N
1;INSTITUT POLYVALENT BILINGUE LES PINTADES;2JJ2WFD111114112;Etablissement;1;1;1er et 2nd Cycles;6;RAS;;, ;1;;;RURALE
3;COLLEGE ADVENTISTE DE YAOUNDE;5LC2WAD101302098;Etablissement;4;2;1er Cycle;6;RAS;222224301;NLONGKAK, 401 YAOUNDE;1;NLONGKAK;401 YAOUNDE;RURALE
3;COLLEGE PRIVE LAIC LA GAIETE;5LC2WAD101297103;Etablissement;1;2;1er Cycle;6;RAS;699808425;NOUVELLE ROUTE BASTOS, 14825 YAOUNDE;1;NOUVELLE ROUTE BASTOS;14825 YAOUNDE;\N
3;HONOR BILINGUAL EVENING SCHOOL;5LC2WBE101394122;Etablissement;1;3;1er Cycle;6;RAS;678218192;NKOLBONG, ;1;NKOLBONG;;\N
3;COLLEGE POLYVALENT BILINGUE LES TRAVAILLEURS;5LC2WBD111366118;Etablissement;1;3;1er et 2nd Cycles;6;RAS;677871789;RUE MANGUIER, 6670 YAOUNDE;1;RUE MANGUIER;6670 YAOUNDE;URBAINE
3;COLLEGE TECHNIQUE INDUSTRIEL DE NYOM;5LC2WBD110052107;Etablissement;1;3;1er et 2nd Cycles;6;RAS;675002065;OLEMBE, 4274 YAOUNDE;1;OLEMBE;4274 YAOUNDE;\N
3;GOPAL BILINGUAL SECONDARY EDUCATION;5LC2WBD111124110;Etablissement;1;3;1er et 2nd Cycles;6;RAS;699181239;RUE MANGUIERS, 1164 YAOUNDE;1;RUE MANGUIERS;1164 YAOUNDE;URBAINE
3;HONOR BILINGUAL HIGH SCHOOL;5LC2WBD111184115;Etablissement;1;3;1er et 2nd Cycles;6;RAS;677044745;MBALLA III, 15790 YAOUNDE;1;MBALLA III;15790 YAOUNDE;\N
3;ORNEL BILINGUAL ACADEMY;5LC2WBD111242110;Etablissement;1;3;1er et 2nd Cycles;6;RAS;670871950;NKOL MBONG, 20507 YAOUNDE;1;NKOL MBONG;20507 YAOUNDE;RURALE
3;CETI BENIGNA;5LC2WFD110003069;Etablissement;2;1;1er et 2nd Cycles;6;RAS;242068939;ETOUDI, 5978 YAOUNDE;1;ETOUDI;5978 YAOUNDE;\N
3;COLLEGE DE L'UNITE;5LC2WFD110021078;Etablissement;1;1;1er et 2nd Cycles;6;RAS;673676528;BATA NLONGKAK, ;1;BATA NLONGKAK;;\N
3;COLLEGE POLYVALENT SAINT PIERRE;5LC2WFD111021111;Etablissement;1;1;1er et 2nd Cycles;6;RAS;696361605;MIMBOMAN 3, 15122 YAOUNDE;1;MIMBOMAN 3;15122 YAOUNDE;URBAINE
3;INSTITUT MATAMFEN;5LC2WFD110062076;Etablissement;1;1;1er et 2nd Cycles;6;RAS;22200998;NLONGKAK, 4176   Yde;1;NLONGKAK;4176   Yde;\N
3;INSTITUT POLYVALENT JUNIOR DE YAOUNDE NORD  (IPJ) ;5LC2WFD111116113;Etablissement;1;1;1er et 2nd Cycles;6;RAS;677762522;NYOM, 4076 YAOUNDE;1;NYOM;4076 YAOUNDE;\N
3;INSTITUT POLYVALENT POUR L'EXCELLENCE (IPLEX);5LC2WFD110067099;Etablissement;1;1;1er et 2nd Cycles;6;RAS;22213593;RUE MANGUIER, 833 YAOUNDE;1;RUE MANGUIER;833 YAOUNDE;\N
3;INSTITUT BILINGUE LE CHANCELIER;5LC2TCBD111157117;Etablissement;1;3;1er et 2nd Cycles;2;RAS;699993840;EMANA, 6181 YAOUNDE;1;EMANA;6181 YAOUNDE;\N
3;INSTITUT PRIVE LAIC PROFESSIONNEL HOTELERIE TOURISME (IPTH);5LC2TCFD110999113;Etablissement;1;1;1er et 2nd Cycles;2;RAS;22180511;, 6752 DOUALA;1;;6752 DOUALA;\N
3;INSTITUT ADEKA;5LC2TEBD111445123;Etablissement;1;3;1er et 2nd Cycles;2;RAS;677505051;EMANA, ;1;EMANA;;RURALE
3;COLLEGE POLYVALENT AUGUSTINE MEUYOU (CPAM);5LC2TEFD111020115;Etablissement;1;1;1er et 2nd Cycles;2;RAS;693865975;ETOUDI, 1225 YAOUNDE;1;ETOUDI;1225 YAOUNDE;\N
3;INSTITUT PRIVE LAIC ST JEROME EMILIEN;5LC2TEFD111003114;Etablissement;1;1;1er et 2nd Cycles;2;RAS;697786816;MBALLA III, 7923 YAOUNDE;1;MBALLA III;7923 YAOUNDE;\N
4;CEGTI  ST BENOIT DE TALA;5EK2WFD100006087;Etablissement;2;1;1er Cycle;6;RAS;670448705;TALA, 25 MONATELE;1;TALA;25 MONATELE;\N
5;INSTITUT POLYVALENT LEO;5EL2WFD100065087;Etablissement;1;1;1er Cycle;6;RAS;;OBOKONO,  91 Obala;1;OBOKONO; 91 Obala;\N
5;COLLEGE PRIVE LAIC LE MAGNIFICAT;5EL2TEFD100995110;Etablissement;1;1;1er Cycle;2;RAS;;NLONG, 20427 YDE;1;NLONG;20427 YDE;URBAINE
5;COLLEGE PRIVE CATHOLIQUE JOSPEH STINTZI;5EL2WFD010029065;Etablissement;2;1;2nd Cycle;6;RAS;670448705;OBALA, 53   OBALA;1;OBALA;53   OBALA;\N
5;INSTITUT AGRICOLE D'OBALA;5EL2WFD010058104;Etablissement;1;1;2nd Cycle;6;RAS;677548294;CHEFFERIE, 233 OBALA;1;CHEFFERIE;233 OBALA;RURALE
6;COLLEGE TECHNIQUE BILINGUE DE BAMEDJI;4CC2TEFD100281100;Etablissement;1;1;1er Cycle;2;RAS;677343598;BAMENDJI, 132 MBOUDA;1;BAMENDJI;132 MBOUDA;\N
7;COLLEGE EVANGELIQUE POLYVALENT DE BALENA;4CE2WFD101339121;Etablissement;4;1;1er Cycle;6;RAS;674261193;BALENA, 25 MBOUDA;1;BALENA;25 MBOUDA;\N
7;COLLEGE CATHOLIQUE SAINT FRANCOIS D'ASSISE;4CE2WFD111280107;Etablissement;2;1;1er et 2nd Cycles;6;RAS;679464556;BANGANG, 46 BATCHAM;1;BANGANG;46 BATCHAM;\N
7;COLLEGE PROTESTANT BATCHAM;4CE2WFD110286099;Etablissement;4;1;1er et 2nd Cycles;6;RAS;699249398;KONTI, 25 MBOUDA;1;KONTI;25 MBOUDA;\N
7;INSTITUT PRIVE LAIC KUENKAM;4CE2WFD111201087;Etablissement;1;1;1er et 2nd Cycles;6;RAS;674545626;CENTRE URBAIN 1, 83 BATCHAM;1;CENTRE URBAIN 1;83 BATCHAM;URBAINE
9;COLLEGE PRIVE POLYVALENT DE L'UNITE;4CI2WFD100288068;Etablissement;1;1;1er Cycle;6;RAS;233305051;TSUEGWE, 04 MBOUDA;1;TSUEGWE;04 MBOUDA;\N
9;COLLEGE EVANGELIQUE POLYVALENTDE BALATCHI-TIALONG;4CI2WFD111340117;Etablissement;4;1;1er et 2nd Cycles;6;RAS;677841431;BALATCHI, 25 MBOUDA;1;BALATCHI;25 MBOUDA;\N
14;COLLEGE BAPTISTE POLYVALENT DE LA GRACE DU GRAND NORD;1CI2WFD111365116;Etablissement;4;1;1er et 2nd Cycles;6;RAS;222272164;DJAMBOUTOU, 938 GAROUA;1;DJAMBOUTOU;938 GAROUA;\N
14;COLLEGE POLYVALENT DU NORD (COPOL/NORD);1CI2WFD110180090;Etablissement;1;1;1er et 2nd Cycles;6;RAS;695464687;POUMPOUMRE, 910 Garoua;1;POUMPOUMRE;910 Garoua;\N
17;COLLEGE POLYVALENT MOUNGNONE DE LAGDO;1CM2WFD111384122;Etablissement;1;1;1er et 2nd Cycles;6;RAS;691875294;LAGDO, ;1;LAGDO;;\N
17;COLLEGE POLYVALENTLA REUSSITE DE DIEBA;1CM2WFD111399123;Etablissement;1;1;1er et 2nd Cycles;6;RAS;;GOUNA, ;1;GOUNA;;\N
20;COLLEGE PRIVE LAIC D'ENSEIGNEMENT GENERAL ET TECHNIQUE LA GAZELLE;1CQ2WFD100994112;Etablissement;1;1;1er Cycle;6;RAS;;, ;1;;;RURALE
26;MEMORIAL COMPREHENSIVE COLLEGE MEJANG;3CC2TCAD100922089;Etablissement;1;2;1er Cycle;2;RAS;51833648;MEJANG, ;1;MEJANG;;\N
26;KOM COMPREHENSIVE HIGH SCHOOL;3CC2TEAD100203092;Etablissement;1;2;1er Cycle;2;RAS;677615081;ANYANJUA BELO, 214 BAMENDA;1;ANYANJUA BELO;214 BAMENDA;\N
29;GEORGIAN CITY ACADEMY NJINIKOM (GCA);3CI2WAD100199091;Etablissement;1;2;1er Cycle;6;RAS;;, ;1;;;\N
29;SAINT MARIA GORETTI'S VOCATIONAL TECHNICAL COLLEGE;3CI2TEAD110213100;Etablissement;2;2;1er et 2nd Cycles;2;RAS;679479985;NJINIKOM, 82 NJINIKOM;1;NJINIKOM;82 NJINIKOM;\N
30;MANTUM TECHNICAL HIGH SCHOOL ( CATHOLIC CARDINAL TUMI COMPREHENSIVE);3EC2TEAD110204100;Etablissement;1;2;1er et 2nd Cycles;2;RAS;77798252;MANTUM, 52 JAKIRI;1;MANTUM;52 JAKIRI;RURALE
31;SAINT SYLVESTER'S CATHOLIC HIGH SCHOOL;3EE2WAD100215090;Etablissement;2;2;1er Cycle;6;RAS;;SO, 64  NSO;1;SO;64  NSO;\N
31;ISLAMIQUE COMPREHENSIVE COLLEGE (ICC);3EE2WAD100202101;Etablissement;3;2;1er Cycle;6;RAS;77352246;TA MBVE, 112  KUMBO;1;TA MBVE;112  KUMBO;\N
31;CHAFFE MEMORIAL COLLEGE (CMC);3EE2WAD100190101;Etablissement;4;2;1er Cycle;6;RAS;77500483;NKAVIKENG, 09 NSO;1;NKAVIKENG;09 NSO;\N
31;CITY COLLEGE KUMBO;3EE2WAD100191089;Etablissement;1;2;1er Cycle;6;RAS;;, ;1;;;\N
31;SAINT FRANCIS COMPREHENSIVE COLLEGE;3EE2TEAD110210079;Etablissement;2;2;1er et 2nd Cycles;2;RAS;677300619;SHISONG, 08 KUMBO;1;SHISONG;08 KUMBO;RURALE
40;COLLEGE PRIVE TECHNIQUE ET PROFESSIONNEL AGRICOLE DE MAROUA (COPTAM);0CI2WFD101348121;Etablissement;1;1;1er Cycle;6;RAS;699742013;WALDE KOUMAI, 775 MAROUA;1;WALDE KOUMAI;775 MAROUA;\N
40;COLLEGE  DE LA FRATERNITE KAYSERI-MAROUA;0CI2TEFD110831113;Etablissement;3;1;1er et 2nd Cycles;2;RAS;;, 11028 YAOUNDE;1;;11028 YAOUNDE;\N
41;COLLEGE PRIVE ISLAMIQUE ZAID BIN SULTANE;0CJ2TEFD110089111;Etablissement;3;1;1er et 2nd Cycles;2;RAS;677356699;DOUGGOI-DJARENGOL (KODEK), 937  MAROUA;1;DOUGGOI-DJARENGOL (KODEK);937  MAROUA;\N
42;CENTRE TECHNIQUE DE MAROUA - COLLEGE D'ENSEIGNEMENT TECHNIQUE INDUSTRIEL (CTM-CETI);0CK2WFD110088076;Etablissement;4;1;1er et 2nd Cycles;6;RAS;222291116;FOUNANGUE, 128  MAROUA;1;FOUNANGUE;128  MAROUA;\N
51;COLLEGE PRIVE LAIC DU DJA ET LOBO (CODJAL);8CL2WFD110291098;Etablissement;1;1;1er et 2nd Cycles;6;RAS;;CENTRE COMMERCIAL, ;1;CENTRE COMMERCIAL;;\N
52;COLLEGE PRIVE CATHOLIQUE SAINTE MARGUERITE;8CM2TEFD110294067;Etablissement;2;1;1er et 2nd Cycles;2;RAS;655013351;ZOETELE, 60 ZOETELE;1;ZOETELE;60 ZOETELE;\N
58;SAINT RITA'S  CATHOLIC TECHNICAL COMMERCIAL AND INDUSTRIAL HIGH SCHOOL;3HI2TEAD100214087;Etablissement;2;2;1er Cycle;2;RAS;75073916;NJINOH, 1850 KUMBO;1;NJINOH;1850 KUMBO;RURALE
60;BAIRD MEMORIAL COLLEGE;6CC2WAD100908107;Etablissement;1;2;1er Cycle;6;RAS;677780405;WOTOLO, 403 BUEA;1;WOTOLO;403 BUEA;\N
60;CHRISTIAN COMPREHENSIVE COLLEGE BUEA;6CC2WAD100911104;Etablissement;1;2;1er Cycle;6;RAS;;BOKWAONGO, 409 BUEA;1;BOKWAONGO;409 BUEA;RURALE
60;BAPTIST COMPREHENSIVE COLLEGE BUEA;6CC2WFD100997114;Etablissement;4;1;1er Cycle;6;RAS;;, ;1;;;\N
60;COMMUNITY CHRISTIAN COLLEGE;6CC2TCAD101126115;Etablissement;1;2;1er Cycle;2;RAS;674394186;MUEA, 10015 BUEA;1;MUEA;10015 BUEA;RURALE
60;FOMIC COMPREHENSIVE HIGH SCHOOL;6CC2TCAD101206110;Etablissement;1;2;1er Cycle;2;RAS;;BUEA, 123;1;BUEA;123;RURALE
60;TRIUMPH BILINGUAL COMPREHENSIVE ACADEMY (NCC), MUEA;6CC2TCAD101207101;Etablissement;1;2;1er Cycle;2;RAS;677409689;MUEA, 294 BUEA;1;MUEA;294 BUEA;URBAINE
60;ST PAUL'S HIGHER TECHNICAL AND COMMERCIAL COLLEGE;6CC2WAD111208100;Etablissement;2;2;1er et 2nd Cycles;6;RAS;674596931;BOJONGO, 53 LIMBE;1;BOJONGO;53 LIMBE;\N
60;CAMBRIDGE COLLEGE OF ARTS, SCIENCE AND TECHNOLOGY BUEA ( CCAST );6CC2WAD110909102;Etablissement;1;2;1er et 2nd Cycles;6;RAS;677727804;SAND PIT GREAT SOPPO, 444 BUEA;1;SAND PIT GREAT SOPPO;444 BUEA;URBAINE
60;CHARITY COMPRENSIVE ACADEMY   ( CCA );6CC2WAD111125110;Etablissement;1;2;1er et 2nd Cycles;6;RAS;;BOLIFAMBA, 550 BUEA;1;BOLIFAMBA;550 BUEA;\N
60;INTER COMPREHENSIVE HIGH SCHOOL;6CC2WAD110259091;Etablissement;1;2;1er et 2nd Cycles;6;RAS;674879687;GREAT SOPPO, 09 BUEA;1;GREAT SOPPO;09 BUEA;\N
60;NABESK COMPREHENSIVE COLLEGE (NCC);6CC2WAD111137113;Etablissement;1;2;1er et 2nd Cycles;6;RAS;676664753;BONDUMA, 294 BUEA;1;BONDUMA;294 BUEA;URBAINE
60;SALVATION BILINGUAL COMPREHENSIVE HIGH SCHOOL;6CC2WAD110924103;Etablissement;1;2;1er et 2nd Cycles;6;RAS;;, ;1;;;URBAINE
60;MBENI BILINGUAL COMPREHENSIVE COLLEGE (MBCC) BUEA;6CC2TCAD111144116;Etablissement;1;2;1er et 2nd Cycles;2;RAS;691983657;MUEA, 563 BUEA;1;MUEA;563 BUEA;\N
61;ENRICHETTA COMPREHENSIVE SECONDARY SCHOOL (ECOSS);6CE2WAD101131116;Etablissement;2;2;1er Cycle;6;RAS;698113217;MOKUNDA, 68 LIMBE;1;MOKUNDA;68 LIMBE;\N
61;KING'S BILINGUAL COMMUNITY COMPREHENSIVE COLLEGE (KBCCC) BONADIKOMBO;6CE2TCFD100285108;Etablissement;1;1;1er Cycle;2;RAS;653430663;WOTUTU VILLAGE, 207 LIMBE;1;WOTUTU VILLAGE;207 LIMBE;URBAINE
61;ATLANTIC TECHNICAL AND COMMERCIAL COLLEGE (ATCC);6CE2TEAD100298101;Etablissement;1;2;1er Cycle;2;RAS;75364167;NEW TOWN, 888 LIMBE;1;NEW TOWN;888 LIMBE;\N
61;GOOD SHEPHERD COMPREHENSIVE SECONDARY SCHOOL;6CE2WAD111145107;Etablissement;1;2;1er et 2nd Cycles;6;RAS;677946183;MOTOWOH, 805 LIMBE;1;MOTOWOH;805 LIMBE;\N
61;UNIC SECONDARY SCHOOL (USS) LIMBE;6CE2WAD111135106;Etablissement;1;2;1er et 2nd Cycles;6;RAS;677849469;NEW -TOWN, 24 LIMBE;1;NEW -TOWN;24 LIMBE;URBAINE
61;COLLEGE PRIVE LAIC DE L'ESPOIR;6CE2WFD110915094;Etablissement;1;1;1er et 2nd Cycles;6;RAS;675595550;LIMBE, 65  TIKO;1;LIMBE;65  TIKO;URBAINE
61;MOUKAM MEMORIAL BILINGUAL COMPREHENSIVE COLLEGE;6CE2TEAD111362122;Etablissement;1;2;1er et 2nd Cycles;2;RAS;677600784;MUYUKA, 163 MUYUKA;1;MUYUKA;163 MUYUKA;\N
62;EFUETNGU MEMORIAL COMPREHENSIVE COLLEGE MUYUKA;6CH2WAD100920092;Etablissement;1;2;1er Cycle;6;RAS;672089775;MUYUKA, 18 MUYUKA;1;MUYUKA;18 MUYUKA;RURALE
62;NEW ERA COMPREHENSIVE COLLEGE;6CH2TCAD101209116;Etablissement;1;2;1er Cycle;2;RAS;675909270;MUNYENGUE, 02 MUYUKA;1;MUNYENGUE;02 MUYUKA;RURALE
62;BETHLEM ROYAL SECONDARY SCHOOL EKONA;6CH2WAD111249116;Etablissement;1;2;1er et 2nd Cycles;6;RAS;677313743;EKONA, 98 EKONA;1;EKONA;98 EKONA;\N
62;FESS TECHNICAL COLLEGE MUYUKA;6CH2WAD110921086;Etablissement;1;2;1er et 2nd Cycles;6;RAS;677851996;OWE ROAD MUYUKA, 112 MUYUKA;1;OWE ROAD MUYUKA;112 MUYUKA;RURALE
62;FULL GOSPEL TECHNICAL COMPREHENSIVE HIGH SCHOOL (FUGOHIS);6CH2WAD110272096;Etablissement;1;2;1er et 2nd Cycles;6;RAS;699980904;YOKE, 55 MUYUKA;1;YOKE;55 MUYUKA;\N
62;GLORIOUS COMPREHENSIVE COLLEGE MAKANGA-MUYUKA;6CH2WAD111136110;Etablissement;1;2;1er et 2nd Cycles;6;RAS;678292283;MAKANGA, 68 MUYUKA;1;MAKANGA;68 MUYUKA;\N
62;VOCATIONAL COLLEGE OF ARTS AND TECHNOLOGY (VOCAST);6CH2WAD010182072;Etablissement;1;2;2nd Cycle;6;RAS;677599603;OWE ROAD, 66 MUYUKA;1;OWE ROAD;66 MUYUKA;RURALE
63;SABIBI COMPREHENSIVE COLLEGE;6CI2WAD100923111;Etablissement;1;2;1er Cycle;6;RAS;679776927;WATER TANK, 289 TIKO;1;WATER TANK;289 TIKO;RURALE
63;REGINA PACIS HIGHER TECHNICAL COLLEGE MUTENGENE;6CI2WAD111210101;Etablissement;2;2;1er et 2nd Cycles;6;RAS;670238977;MUTENGENE, 160 TIKO;1;MUTENGENE;160 TIKO;\N
63;MODERN COLLEGE OF TECHNOLOGY (STARMOTEC);6CI2WAD110185101;Etablissement;1;2;1er et 2nd Cycles;6;RAS;243116134;LONG STREET, 58 TIKO;1;LONG STREET;58 TIKO;RURALE
63;OXFORD BILINGUAL COMPREHENSIVE COLLEGE ;6CI2WAD110925110;Etablissement;1;2;1er et 2nd Cycles;6;RAS;677880637;MUTENGENE, 312 TIKO;1;MUTENGENE;312 TIKO;RURALE
63;HAVARD BILINGUAL COMPREHENSIVE COLLEGE;6CI2WBD111396118;Etablissement;1;3;1er et 2nd Cycles;6;RAS;677880637;MUTENGENE, 547 BUEA;1;MUTENGENE;547 BUEA;\N
63;FOUNDATION EDUCATION TRUST COLLEGE (FETCOL);6CI2TCAD110273106;Etablissement;1;2;1er et 2nd Cycles;2;RAS;677025591;MUTENGENE, 149 TIKO;1;MUTENGENE;149 TIKO;RURALE
77;COLLEGE PRIVE LAIC BELLEVUE;4EC2WFD100244068;Etablissement;1;1;1er Cycle;6;RAS;233296490;NDOMGA, 118 BAFANG;1;NDOMGA;118 BAFANG;RURALE
77;COLLEGE REGIONAL TECHNIQUE KAMARIE;4EC2TEFD111298120;Etablissement;1;1;1er et 2nd Cycles;2;RAS;677527711;BANKONDJI, 386 BAFANG;1;BANKONDJI;386 BAFANG;\N
80;COLLEGE SAINTE ANNE DE BANDJA;4EI2WFD101141088;Etablissement;2;1;1er Cycle;6;RAS;675125574;MARCHE BANDJA, 40 BANDJA;1;MARCHE BANDJA;40 BANDJA;\N
80;COLLEGE PRIVE CATHOLIQUE SAINT ESPRIT DE FOTOUNI;4EI2TEFD111002111;Etablissement;1;1;1er et 2nd Cycles;2;RAS;677283687;FOUTOUNI, 335 BAFANG;1;FOUTOUNI;335 BAFANG;\N
81;CETIF PRIVE CATHOLIQUE SAINTE MARIE;4EJ2TIFD111202088;Etablissement;2;1;1er et 2nd Cycles;2;RAS;674499145;BANKA-BAFANG, 29 BAFANG;1;BANKA-BAFANG;29 BAFANG;RURALE
83;COLLEGE PRIVE LAIC D'ENSEIGNEMENT TECHNIQUE INDUSTRIEL ET PARA-MEDICAL (CETIP);4EL2TEFD110249106;Etablissement;1;1;1er et 2nd Cycles;2;RAS;675242838;PETIT NKAM, 110 KEKEM;1;PETIT NKAM;110 KEKEM;RURALE
99;COLLEGE PRIVE CATHOLIQUE HEINRICH;4HC2WFD100240097;Etablissement;2;1;1er Cycle;6;RAS;243273241;BAHAM, 12  BAHAM;1;BAHAM;12  BAHAM;\N
100;COLLEGE POLYVALENT MARA (MARIE REINE DES APOTRES)(COPOMARA);4HE2WFD110236107;Etablissement;2;1;1er et 2nd Cycles;6;RAS;651742319;DJUMEKANG, 263 BAFOUSSAM;1;DJUMEKANG;263 BAFOUSSAM;URBAINE
100;COLLEGE PRIVE TANKOU PHILLIPPE;4HE2WFD110287091;Etablissement;1;1;1er et 2nd Cycles;6;RAS;677331962;DJUBA, 24 BAMENDJOU;1;DJUBA;24 BAMENDJOU;\N
103;COLLEGE TECHNIQUE CATHOLIQUE MARIA SYLVESTRA LOI;9HC2TEFD101234118;Etablissement;2;1;1er Cycle;2;RAS;662057918;TRYPANO, 25 BATOURI;1;TRYPANO;25 BATOURI;\N
112;COLLEGE TECHNIQUE SAINT-JOSEPH CALASANZ;4IH2WFD110280107;Etablissement;2;1;1er et 2nd Cycles;6;RAS;699546494;PETE, 11 BANDJOUN;1;PETE;11 BANDJOUN;RURALE
112;COLLEGE TECHNIQUE PAUL BOUQUE (COTEPABO);4IH2TEFD110279107;Etablissement;2;1;1er et 2nd Cycles;2;RAS;672592135;PETE, 21 BANDJOUN;1;PETE;21 BANDJOUN;RURALE
116;OXFORD ACADEMIC COMPLEX  (O.A.C);6EH2WAD101211114;Etablissement;1;2;1er Cycle;6;RAS;677484187;TOMBEL, 12 TOMBEL;1;TOMBEL;12 TOMBEL;RURALE
122;INSTITUT POPULORUM PROGRESSIO;5EH2WFD100068091;Etablissement;1;1;1er Cycle;6;RAS;668136297;ELIG MFOMO, 85 OBALA;1;ELIG MFOMO;85 OBALA;\N
126;CETIF CYPRIEN MBUKA DE NGOYA;5EM2WFD100015086;Etablissement;2;1;1er Cycle;6;RAS;22238480;NGOYA, ;1;NGOYA;;\N
126;COLLEGE ONANA EBODE;5EM2TEFD101232118;Etablissement;1;1;1er Cycle;2;RAS;679625880;LEBOUDI II, 14463 YAOUNDE;1;LEBOUDI II;14463 YAOUNDE;\N
126;COLLEGE NDONGO EBODE LOUIS;5EM2WFD111353111;Etablissement;1;1;1er et 2nd Cycles;6;RAS;679625880;LEBOUDI II, 14463 YAOUNDE;1;LEBOUDI II;14463 YAOUNDE;URBAINE
127;CEGTI  ST JEROME DE NKOLVÉ;5EN2WFD100009065;Etablissement;2;1;1er Cycle;6;RAS;670448705;NKOLVÉ, 26 SA A;1;NKOLVÉ;26 SA A;RURALE
139;COLLEGE TECHNIQUE COMMERCIAL INDUSTRIEL ENSEIGNEMENT GENERAL (CTCIEG) TEPAP;9IE2WFD110085068;Etablissement;1;1;1er et 2nd Cycles;6;RAS;;, ;1;;;\N
139;SUNRISE COLLEGE OF TECHNOLOGY (SUCOTECH);9IE2TEAD111356121;Etablissement;1;2;1er et 2nd Cycles;2;RAS;675183906;MOKOLO, ;1;MOKOLO;;\N
139;COLLEGE POLYVALENT DJOUFFO;9IE2TEFD110082106;Etablissement;1;1;1er et 2nd Cycles;2;RAS;;, ;1;;;\N
139;INSTITUT PRIVE LAIC POLYVALENT ZUTOCHIE;9IE2TEFD110087093;Etablissement;1;1;1er et 2nd Cycles;2;RAS;;, ;1;;;\N
140;ELITES BILINGUAL GRAMMAR, TECHNICAL AND COMMERCIAL COLLEGE (ELITES-TECH);9IH2TEBD101443123;Etablissement;1;3;1er Cycle;2;RAS;699902861;MONOU, 725 BERTOUA;1;MONOU;725 BERTOUA;\N
140;COLLEGE PRIVE LAIC INSTITUT POLYVALENT DE L'ORIENT LADY L. (IPOLL);9IH2TEFD110084110;Etablissement;1;1;1er et 2nd Cycles;2;RAS;;, ;1;;;\N
142;CETIF SAINT LAMBERT;9IJ2TEFD100081107;Etablissement;2;1;1er Cycle;2;RAS;671293535; NDOUMBI, 40 BERTOUA;1; NDOUMBI;40 BERTOUA;RURALE
143;COLLEGE PRIVE CATHOLIQUE VAN HEYGEN;9IK2TEFD100083110;Etablissement;2;1;1er Cycle;2;RAS;699341134;NKOLBIKON, 40 BERTOUA;1;NKOLBIKON;40 BERTOUA;\N
148;SAINT JOHN'S TECHNICAL AND COMMERCIAL COLLEGE NCHANG;6IH2WAD110183074;Etablissement;2;2;1er et 2nd Cycles;6;RAS;33341339;NCHANG, 113 MAMFE;1;NCHANG;113 MAMFE;RURALE
150;COMPLEXE SCOLAIRE MODERNE TANDA;2HC2WBD111350121;Etablissement;1;3;1er et 2nd Cycles;6;RAS;679162168;BANKIM, ;1;BANKIM;;\N
150;COLLEGE POLYVALENT BILINGUE SAINT JOSEPH DE BANKIM;2HC2WFD111359117;Etablissement;2;1;1er et 2nd Cycles;6;RAS;666364651;BANKIM, 06 BANKIM;1;BANKIM;06 BANKIM;\N
185;COLLEGE PRIVE TECHNIQUE ET PROFESSIONNEL AGRICOLE SAINT BENOIT DE KOZA;0KH2TAFD101355121;Etablissement;2;1;1er et 2nd Cycles;2;RAS;698472401;KOZA, 49 MAROUA;1;KOZA;49 MAROUA;\N
190;CETI SAINT PAUL APOTRE;5HC2TEFD100014065;Etablissement;2;1;1er Cycle;2;RAS;77803803;LABLE, 169 BAFIA;1;LABLE;169 BAFIA;\N
190;COLLEGE PRIVE LAIC POLYVALENT DU MBAM;5HC2WFD110918088;Etablissement;1;1;1er et 2nd Cycles;6;RAS;99597738;BAFIA, 186 BAFIA;1;BAFIA;186 BAFIA;\N
195;COLLEGE PRIVE LAIC D'ENSEIGNEMENT TECHNIQUE INDUSTRIEL DE PRECISION (CETIP) DE MAKENENE;5HK2WFD100033108;Etablissement;1;1;1er Cycle;6;RAS;677453351;ECOLE PUBLIQUE, 44 MAKENENE;1;ECOLE PUBLIQUE;44 MAKENENE;RURALE
196;CETIF NOTRE DAME DE SOMO;5HL2TEFD110016090;Etablissement;2;1;1er et 2nd Cycles;2;RAS;656401715;SOMO, 70 BAFIA;1;SOMO;70 BAFIA;RURALE
199;COLLEGE PRIVE LAIC POLYVALENT MAT INTELLECT ;5IC2WFD100049108;Etablissement;1;1;1er Cycle;6;RAS;677534733;BIAKOA, 135 SA A;1;BIAKOA;135 SA A;RURALE
208;COLLEGE BILINGUE HOREB;5JL2WBD111133104;Etablissement;1;3;1er et 2nd Cycles;6;RAS;677486675;BITENG 2, 14178  YAOUNDE;1;BITENG 2;14178  YAOUNDE;RURALE
208;COLLEGE PRIVE MEKOUJA;5JL2WBD111156116;Etablissement;1;3;1er et 2nd Cycles;6;RAS;694502607;NSAZOMO, 2585 YAOUNDE;1;NSAZOMO;2585 YAOUNDE;\N
208;PRESTIGE BILINGUAL COLLEGE;5JL2WBD111338120;Etablissement;1;3;1er et 2nd Cycles;6;RAS;677704933;NKOLO 1, 30459 YAOUNDE;1;NKOLO 1;30459 YAOUNDE;\N
208;COLLEGE D'ENSEIGNEMENT TECHNIQUE COMM. ET IND. LES COCOTIERS;5JL2WFD111178118;Etablissement;1;1;1er et 2nd Cycles;6;RAS;699650094;NKOULOU-CARRIERE, 1131 YAOUNDE ;1;NKOULOU-CARRIERE;1131 YAOUNDE ;\N
208;INSTITUT POLYVALENT BILINGUE TCHEUTCHOUA;5JL2WFD111230118;Etablissement;1;1;1er et 2nd Cycles;6;RAS;672869842;BITOTOL, 1237 BAFOUSSAM;1;BITOTOL;1237 BAFOUSSAM;RURALE
208;INSTITUT SACRE CHARLEMAGNE;5JL2WFD110075109;Etablissement;1;1;1er et 2nd Cycles;6;RAS;699024574;NKOLO 1, 14314 YAOUNDE;1;NKOLO 1;14314 YAOUNDE;URBAINE
208;COLLEGE FRANTZ FANON LE MAJESTIEUX;5JL2WFD111118115;Etablissement;1;1;1er et 2nd Cycles;2;RAS;;, ;1;;;RURALE
208;L'INSTITUT PETOU  II;5JL2TEFD111183118;Etablissement;1;1;1er et 2nd Cycles;2;RAS;677565731;, 7143 YAOUNDE;1;;7143 YAOUNDE;RURALE
211;COLLEGE BILINGUE LES ANGES;5JH2WFD111239112;Etablissement;1;1;1er et 2nd Cycles;6;RAS;699286967;AWAE , 12011 YAOUNDE;1;AWAE ;12011 YAOUNDE;\N
213;COLLEGE PRIVE CATHOLIQUE D'ENSEIGNEMENT GENERAL ET TECHNIQUE BILINGUE SAINT JEAN L'EVANGELISTE DE NKOL-AVOLO;5JJ2WFD111343121;Etablissement;2;1;1er et 2nd Cycles;6;RAS;222209877;NKOL-AVOLO, 207 YAOUNDE;1;NKOL-AVOLO;207 YAOUNDE;URBAINE
214;COMPLEXE SCOLAIRE AKOA;5JK2WBD101177100;Etablissement;1;3;1er Cycle;6;RAS;677515009;ESSAZIK, 13029 YAOUNDE;1;ESSAZIK;13029 YAOUNDE;\N
214;FONDATION REVELATION SAINTE THERESE;5JK2TEAD101387119;Etablissement;1;2;1er Cycle;2;RAS;677724458;NKONGOA, 13227 YAOUNDE;1;NKONGOA;13227 YAOUNDE;RURALE
214;COLLEGE PANAFRICAIN DE L'EXCELLENCE;5JK2TEFD101155117;Etablissement;1;1;1er Cycle;2;RAS;690655030;NKOZOA, 4447 YAOUNDE;1;NKOZOA;4447 YAOUNDE;\N
214;COMPLEXE SCOLAIRE BILINGUE SAINT GERMAIN ;5JK2WBD111250114;Etablissement;1;3;1er et 2nd Cycles;6;RAS;651995067;NKOULOU, 12671 YAOUNDE;1;NKOULOU;12671 YAOUNDE;\N
214;COLLEGE PRIVE LAIC SAINT MICHEL ARCHANGE;5JK2WFD110050109;Etablissement;1;1;1er et 2nd Cycles;6;RAS;699989750;MINKAN, 10017 YAOUNDE;1;MINKAN;10017 YAOUNDE;\N
214;INSTITUT FRANCOIS KANKEU;5JK2WFD111406123;Etablissement;1;1;1er et 2nd Cycles;6;RAS;670565731;NKOLNDA, ;1;NKOLNDA;;\N
214;LIGHT WORLD ANGLO-SAXON BOARDING COLLEGE;5JK2TEAD111341121;Etablissement;1;2;1er et 2nd Cycles;2;RAS;675353924;NKOLNGOCK, 78 MFOU;1;NKOLNGOCK;78 MFOU;RURALE
214;COMPLEXE SCOLAIRE BILINGUE DADJO;5JK2TEBD111403123;Etablissement;1;3;1er et 2nd Cycles;2;RAS;675264939;NKOLDA 1, ;1;NKOLDA 1;;\N
214;COLLEGE PRIVE CATHOLIQUE D'ENSEIGNEMENT TECHNIQUE INDUSTRIEL FEMININ MARIA GORETTI;5JK2TEFD110028070;Etablissement;2;1;1er et 2nd Cycles;2;RAS;;NKILZOK, 1152 YAOUNDE;1;NKILZOK;1152 YAOUNDE;\N
214;COLLEGE  D'ENSEIGNEMENT  TECHNIQUE  ADOLPH  KOLPING (COPAK);5JK2TEFD110017110;Etablissement;1;1;1er et 2nd Cycles;2;RAS;674200281;NKOL EBANA, 33853 YAOUNDE;1;NKOL EBANA;33853 YAOUNDE;\N
214;COLLEGE D'ENSEIGNEMENT GENERAL ET PROFESSIONNEL (CEGEP) STE FOI;5JK2TEFD111182117;Etablissement;1;1;1er et 2nd Cycles;2;RAS;699911908;ODZA  1, 4740  YAOUNDE;1;ODZA  1;4740  YAOUNDE;\N
215;CHRIST THE KING ANGLO-SAXON BOARDING COLLEGE;5JM2WBD111270115;Etablissement;1;3;1er et 2nd Cycles;6;RAS;675501832;NKOULOU, 35129 YAOUNDE;1;NKOULOU;35129 YAOUNDE;RURALE
215;COLLEGE BILINGUE LES CITOYENS;5JM2WBD111337114;Etablissement;1;3;1er et 2nd Cycles;6;RAS;677636030;NKOZOA, 6316 BAFOUSSAM;1;NKOZOA;6316 BAFOUSSAM;\N
215;COLLEGE POLYVALENT BILINGUE LES JALIOS;5JM2WBD111397122;Etablissement;1;3;1er et 2nd Cycles;6;RAS;651057629;NKOZOA, ;1;NKOZOA;;URBAINE
215;INSTITUT  POLYVALENT PRIVE WAGUE;5JM2WBD111319113;Etablissement;1;3;1er et 2nd Cycles;6;RAS;699800381;NKOL FOULOU III, 5062 YAOUNDE;1;NKOL FOULOU III;5062 YAOUNDE;RURALE
215;INSTITUT POLYVALENT BILINGUE VIVA-EDUCATION;5JM2WBD111345121;Etablissement;1;3;1er et 2nd Cycles;6;RAS;677608088;ESSESSALAKOK, 4880 YAOUNDE;1;ESSESSALAKOK;4880 YAOUNDE;RURALE
215;COLLEGE MARCUS GARVEY;5JM2WFD111389122;Etablissement;1;1;1er et 2nd Cycles;6;RAS;675387103;MBANSAN II, ;1;MBANSAN II;;\N
215;COLLEGE PRIVE POLYVALENT DE TSINGA VILLAGE (CPP);5JM2WFD111176114;Etablissement;1;1;1er et 2nd Cycles;6;RAS;699913046;NSAN TSINGA VILLAGE, 4832 NLONGKAK YAOUNDE;1;NSAN TSINGA VILLAGE;4832 NLONGKAK YAOUNDE;RURALE
215;COLLEGE BILINGUE D'ENSEIGNEMENT TECHNIQUE INDUSTRIEL ET COMMERCIAL GOLDEN INSTITUTE II;5JM2TEBD111444123;Etablissement;1;3;1er et 2nd Cycles;2;RAS;699919849;NTUISSONG, ;1;NTUISSONG;;\N
215;COLLEGE D'ENSEIGNEMENT TECHNIQUE CHRIST ROI D'EBANG;5JM2TEFD111318121;Etablissement;1;1;1er et 2nd Cycles;2;RAS;699862163;EBANG 1, 986 EBANG 1;1;EBANG 1;986 EBANG 1;\N
215;INSTITUT POLYTECHNIQUE TCHOKO;5JM2TEFD111266119;Etablissement;1;1;1er et 2nd Cycles;2;RAS;677988218;KOLFOULOU, 20027 YAOUNDE;1;KOLFOULOU;20027 YAOUNDE;RURALE
215;INSTITUT POLYVALENT BILINGUE LA SOPHIA;5JM2TEFD111315116;Etablissement;1;1;1er et 2nd Cycles;2;RAS;699931374;NKOLFOULOU II, 33038 YAOUNDE;1;NKOLFOULOU II;33038 YAOUNDE;RURALE
216;COLLEGE STOLL;5KC2WFD010051065;Etablissement;2;1;2nd Cycle;6;RAS;697106411;MISSION CATHOLIQUE, 48 AKONO;1;MISSION CATHOLIQUE;48 AKONO;\N
218;COLLEGE PRIVE LAIC CHEDOM LA REUSSITE;5KH2TEFD100913114;Etablissement;1;1;1er Cycle;2;RAS;677010849;ELOUMDEN 1, CELCOM MINADER;1;ELOUMDEN 1;CELCOM MINADER;URBAINE
218;CBC LIGHT WORLD MISSION ANGLO-SAXON BOARDING COLLEGE;5KH2WAD111398121;Etablissement;1;2;1er et 2nd Cycles;6;RAS;651048469;MEFOU-ASSI, 8892 YAOUNDE;1;MEFOU-ASSI;8892 YAOUNDE;\N
218;COLLEGE POLYVALENT BILINGUE M.C.D D'ELOUMDEN II;5KH2WFD111276119;Etablissement;1;1;1er et 2nd Cycles;6;RAS;677545576;ELIG ESSOMBALLA, 3011 YAOUNDE;1;ELIG ESSOMBALLA;3011 YAOUNDE;URBAINE
218;COMPLEXE SCOLAIRE BILINGUE SAINTE ANNE (COSBISA);5KH2TEFD111368122;Etablissement;1;1;1er et 2nd Cycles;2;RAS;699398511;NKOLSO-MBADOUMOU, ;1;NKOLSO-MBADOUMOU;;\N
221;CAMEROON COLLEGE OF COMMERCE HIGH SCHOOL;6JE2WAD100299101;Etablissement;1;2;1er Cycle;6;RAS;77733921;FIANGO, 156 KUMBA;1;FIANGO;156 KUMBA;URBAINE
221;AGES COMPREHENSIVE BILINGUAL HIGH SCHOOL;6JE2WAD110300090;Etablissement;1;2;1er et 2nd Cycles;6;RAS;679011083;FIANGO GAR, 495 KUMBA;1;FIANGO GAR;495 KUMBA;RURALE
221;MODERN TECHNICAL COMMERCIAL  COLLEGE;6JE2WAD110257094;Etablissement;1;2;1er et 2nd Cycles;6;RAS;77629686;KOMBONE, 14 KUMBA;1;KOMBONE;14 KUMBA;\N
221;MARTIN LUTHER KING ACADEMY;6JE2WBD111236110;Etablissement;1;3;1er et 2nd Cycles;6;RAS;675694684;ALASLA STREET KUMBA, 50 KUMBA;1;ALASLA STREET KUMBA;50 KUMBA;\N
225;SAINT GABRIEL 'S COLLEGE;3IC2WAD010211109;Etablissement;2;2;2nd Cycle;6;RAS;;BAFMENG, 82 BAMENDA;1;BAFMENG;82 BAMENDA;\N
229;COLLEGE BILINGUE INTELLEXI;4JC2WBD100220078;Etablissement;1;3;1er Cycle;6;RAS;233451192;TCHOUALE, 77 DSCHANG;1;TCHOUALE;77 DSCHANG;RURALE
229;INSTITUT MODERNE LES SURDOUES (IMOS);4JC2WFD100268107;Etablissement;1;1;1er Cycle;6;RAS;670167914;LOUNG, 98 DSCHANG;1;LOUNG;98 DSCHANG;RURALE
229;COLLEGE TECHNIQUE SAINTE LOUISE DE MARILLAC;4JC2TEFD100278106;Etablissement;2;1;1er Cycle;2;RAS;233451872;SITEU-FOTO, 11 DSCHANG;1;SITEU-FOTO;11 DSCHANG;\N
229; COLLEGE DE LA RENAISSANCE ;4JC2WFD110225071;Etablissement;1;1;1er et 2nd Cycles;6;RAS;677649743;MINGOU FOREKE DSCHANG, 449 DSCHANG;1;MINGOU FOREKE DSCHANG;449 DSCHANG;\N
229;COLLEGE ALBERT CAMUS;4JC2WFD110219079;Etablissement;1;1;1er et 2nd Cycles;6;RAS;699817153;FOTO, 103 DSCHANG;1;FOTO;103 DSCHANG;RURALE
229;COLLEGE PRIVE POLYVALENT LA REFORME (IPPR);4JC2WFD110289091;Etablissement;1;1;1er et 2nd Cycles;6;RAS;674266869;FOTO KELENG, 213 DSCHANG;1;FOTO KELENG;213 DSCHANG;RURALE
229;MENOUA ESPOIR COLLEGE DSCHANG;4JC2TEFD110258081;Etablissement;1;1;1er et 2nd Cycles;2;RAS;233451042;FOTO, 224 DSCHANG;1;FOTO;224 DSCHANG;RURALE
229;COLLE GE PRIVE LAIC INTERDEPARTEMENTAL DE FONGO-TONGO (COPLIFO);4JC2WFD010218076;Etablissement;1;1;2nd Cycle;6;RAS;675304660;NETEU, 474 DSCHANG;1;NETEU;474 DSCHANG;\N
232;COLLEGE POLYVALENT SAINT LAURENT DE BAFOU;4JI2WFD111296064;Etablissement;2;1;1er et 2nd Cycles;6;RAS;699003139;BAFOU, 263 BAFOUSSAM;1;BAFOU;263 BAFOUSSAM;URBAINE
232;COLLEGE EVANGELIQUE DE BALEVENG;4JI2WFD111279089;Etablissement;4;1;1er et 2nd Cycles;6;RAS;699747843;BALEVENG, 332 DSCHANG;1;BALEVENG;332 DSCHANG;\N
232;COLLEGE PRIVE LAIC LA PERSEVERANCE;4JI2WFD010251088;Etablissement;1;1;2nd Cycle;6;RAS;699280186;TSENDJIO, 352 DSCHANG;1;TSENDJIO;352 DSCHANG;RURALE
233;COLLEGE POLYVALENT BANSOA;4JJ2WFD100231090;Etablissement;1;1;1er Cycle;6;RAS;699988502;BANENGANG, ;1;BANENGANG;;\N
233;COLLEGE POLYVALENT DE L'EXCELLENCE DE BAMESSEU;4JJ2WFD111358120;Etablissement;1;1;1er et 2nd Cycles;6;RAS;672213838;BANSOA, 13445 YAOUNDE;1;BANSOA;13445 YAOUNDE;\N
234;INSTITUT POLYVALENT DE FONDONERA;4JK2WFD101395109;Etablissement;1;1;1er Cycle;6;RAS;674476120;FONDONERA, 73 SANTCHOU;1;FONDONERA;73 SANTCHOU;\N
234;COLLEGE SAINT FRANCOIS D'ASSISE;4JK2TEFD100919108;Etablissement;2;1;1er Cycle;2;RAS;690986309;FOMBAP, 97 SANTCHOU;1;FOMBAP;97 SANTCHOU;\N
234;COLLEGE MODERNE POLYVALENT LES LAUREATS (COPOMOLA);4JK2WFD110228107;Etablissement;1;1;1er et 2nd Cycles;6;RAS;677578183;ETAMBA, 08 SANTCHOU;1;ETAMBA;08 SANTCHOU;RURALE
235;PRESBYTERIAN SCHOOL OF SCIENCE AND TECHNOLOGY (PSSTI);3JC2TEAD100207088;Etablissement;4;2;1er Cycle;2;RAS;77677086;AGYATI BAFUT, 285 BAMENDA;1;AGYATI BAFUT;285 BAMENDA;RURALE
235; AKONGNE COMPREHENSIVE COLLEGE (ACC;3JC2TEAD101153114;Etablissement;1;2;1er Cycle;2;RAS;;NJINTEH, 2165 bafut ;1;NJINTEH;2165 bafut ;URBAINE
235;COMMUNITY TECHNICAL AND COMMERCIAL COLLEGE (COTECC);3JC2TEAD110195083;Etablissement;1;2;1er et 2nd Cycles;2;RAS;;, ;1;;;RURALE
236;BALI COMMUNITY HIGH SCHOOL;3JE2TCAD100188091;Etablissement;1;2;1er Cycle;2;RAS;;, ;1;;;\N
236;DIVINE COMPREHENSIVE SECONDARY SCHOOL-BALI;3JE2TCAD111024115;Etablissement;1;2;1er et 2nd Cycles;2;RAS;677223862;BALI, 26 BALI;1;BALI;26 BALI;\N
237;HOLY ROSARY INTEGRATED COMPREHENSIVE COLLEGE;3JH2WAD111248116;Etablissement;2;2;1er et 2nd Cycles;6;RAS;;MENDANKWE, 38 AKUM BAMENDA;1;MENDANKWE;38 AKUM BAMENDA;\N
237;COLLEGE OF COMMERCE;3JH2WAD110193076;Etablissement;1;2;1er et 2nd Cycles;6;RAS;677648840;MENDANKWE, 95 Bamenda;1;MENDANKWE;95 Bamenda;URBAINE
238;HEART OF LIFE COMPREHENSIVE COLLEGE;3JI2WAD100198089;Etablissement;1;2;1er Cycle;6;RAS;99535767;ALAMATU MANKON, 569 MANKON;1;ALAMATU MANKON;569 MANKON;\N
238;IMPERIAL COMPREHENSIVE COLLEGE NITOP;3JI2WAD100200099;Etablissement;1;2;1er Cycle;6;RAS;;NITROP III, 2182 BAMENDA;1;NITROP III;2182 BAMENDA;\N
238;RHEMA BILINGUAL COMPREHENSIVE COLLEGE;3JI2TEAD100208110;Etablissement;4;2;1er Cycle;2;RAS;;MANKON, 45 BAMENDA;1;MANKON;45 BAMENDA;\N
238;ALLO COMPREHENSIVE COLLEGE;3JI2WAD110187093;Etablissement;1;2;1er et 2nd Cycles;6;RAS;79134233;MULANG-MANKON, 455 BAMENDA;1;MULANG-MANKON;455 BAMENDA;URBAINE
238;CITY COLLEGE OF COMMERCE MANKON (CCC);3JI2WAD110192089;Etablissement;1;2;1er et 2nd Cycles;6;RAS;77787411;NITOP, 26 MANKOR BAMENDA;1;NITOP;26 MANKOR BAMENDA;\N
238;NACHO COMPREHENSIVE HIGH SCHOOL ;3JI2TCAD110205090;Etablissement;1;2;1er et 2nd Cycles;2;RAS;94048052;BAMENDA, 100 MANKON;1;BAMENDA;100 MANKON;URBAINE
239;BAPTIST COMPREHENSIVE COLLEGE ( BCHS );3JJ2WAD110189109;Etablissement;1;2;1er et 2nd Cycles;6;RAS;679689574;NKWEN, 01 BAMENDA;1;NKWEN;01 BAMENDA;\N
239;FONAB HIGH SCHOOL NKWEN;3JJ2WAD110201096;Etablissement;1;2;1er et 2nd Cycles;6;RAS;;, ;1;;;URBAINE
239;ST MICHAEL'S ACADEMY OF SCIENCE AND ARTS;3JJ2WAD111129109;Etablissement;1;2;1er et 2nd Cycles;6;RAS;;, ;1;;;\N
239;STARLIGHT COLLEGE;3JJ2WAD110186088;Etablissement;1;2;1er et 2nd Cycles;6;RAS;;, ;1;;;\N
239;CHRIST THE KING HIGH SCHOOL (CKHS) NKWEN                                                                                   ;3JJ2WFD111111111;Etablissement;1;1;1er et 2nd Cycles;6;RAS;;BAMENDA III, 441 BAMENDA;1;BAMENDA III;441 BAMENDA;RURALE
240;STANDARDSECONDARY GRAMMAR SCHOOL;3JK2WAD101246111;Etablissement;1;2;1er Cycle;6;RAS;677491881;SANTA, 36 SANTA;1;SANTA;36 SANTA;\N
240;COMMUNITY LAY PRIVATE TECHNICAL AND VOCATIONAL  (COTEVOCA);3JK2TEAD100194109;Etablissement;1;2;1er Cycle;2;RAS;677217886;AWING VILLAGE, 353 BAMENDA;1;AWING VILLAGE;353 BAMENDA;RURALE
240;SAINT LINUS TECHNICAL AND COMMERCIAL COLLEGE (SLTCC);3JK2TEFD100212112;Etablissement;1;1;1er Cycle;2;RAS;677890877;SANTA, 48 SANTA;1;SANTA;48 SANTA;\N
241;FONAB HIGH SCHOOL KEDJOMKEKU;3JL2WAD110196091;Etablissement;1;2;1er et 2nd Cycles;6;RAS;;, ;1;;;RURALE
242;BILINGUAL TECHNICAL COLLEGE CHRIST WINNERS;5LE2TEFD101128115;Etablissement;1;1;1er Cycle;2;RAS;675638232;MBANKOLO, 1839 YAOUNDE;1;MBANKOLO;1839 YAOUNDE;\N
242;CHUO BILINGUAL COMPREHENSIVE COLLEGE;5LE2WBD111268107;Etablissement;1;3;1er et 2nd Cycles;6;RAS;675501832;CARRIERE, 35129 YAOUNDE;1;CARRIERE;35129 YAOUNDE;\N
242;CETI SACRE COEUR DE MOKOLO;5LE2WFD110013065;Etablissement;2;1;1er et 2nd Cycles;6;RAS;22048348;MOKOLO MESSA, 2021 YDE;1;MOKOLO MESSA;2021 YDE;URBAINE
242;CENTRE EDUCATIF MEYON MEYEME;5LE2WFD111238098;Etablissement;1;1;1er et 2nd Cycles;6;RAS;6999566014;ETETACK, 1122 YAOUNDE;1;ETETACK;1122 YAOUNDE;\N
242;COLLEGE PRIVE LAIC INSTITUT JEAN BODY ZIBI;5LE2WFD110042101;Etablissement;1;1;1er et 2nd Cycles;6;RAS;699842271;MBANKOLO, ;1;MBANKOLO;;\N
242;COLLEGE XAVIER EBOMO;5LE2WFD111243107;Etablissement;1;1;1er et 2nd Cycles;6;RAS;678287317;OYOM ABANG CAMP SONEL, 3545 YAOUNDE;1;OYOM ABANG CAMP SONEL;3545 YAOUNDE;RURALE
242;INSTITUT BILINGUE BLAINA;5LE2WFD111142116;Etablissement;1;1;1er et 2nd Cycles;6;RAS;699513178;MADAGASCAR, 35434 YAOUNDE;1;MADAGASCAR;35434 YAOUNDE;\N
243;INSTITUT PRIVE LAIC POLYVALENT BILINGUE DES NATIONS;5LH2WBD100073109;Etablissement;1;3;1er Cycle;6;RAS;699997645;BIYEMASSI, 8398 YAOUNDE;1;BIYEMASSI;8398 YAOUNDE;URBAINE
243;COLLEGE PRIVE LAIC CENTRE SOCIO EDUCATIF BILINGUE DAVID LAVOISIER;5LH2WFD100032107;Etablissement;1;1;1er Cycle;6;RAS;699517030;EFOULAN, 2924 YAOUNDE;1;EFOULAN;2924 YAOUNDE;\N
243;INSTITUT PRIVE LAIC POLYVALENT RENOVATION PEDAGOGIQUE;5LH2WFD100074103;Etablissement;1;1;1er Cycle;6;RAS;22001995;NSIMEYONG 3 -MBENDA, 2873 Yde;1;NSIMEYONG 3 -MBENDA;2873 Yde;\N
243;CETI  JEANNE ALEGUE MESSI;5LH2WFD110008088;Etablissement;2;1;1er et 2nd Cycles;6;RAS;222232810;MVOLYE, 721 MVOLYE;1;MVOLYE;721 MVOLYE;URBAINE
243;COLLEGE PRIVE LAIC LA COLOMBE;5LH2WFD111185107;Etablissement;1;1;1er et 2nd Cycles;6;RAS;677141202;NSIMEYONG, 31370 YAOUNDE;1;NSIMEYONG;31370 YAOUNDE;\N
243;INSTITUT MAK MBE;5LH2WFD110993114;Etablissement;1;1;1er et 2nd Cycles;6;RAS;242719434;AHALA, 3015 YAOUNDE;1;AHALA;3015 YAOUNDE;URBAINE
243;COMPLEXE D'ENSEIGNEMENTS SECONDAIRES GENERAL ET PROFESSIONNEL BILINGUE MGR JEAN ZOA;5LH2TCFD111235118;Etablissement;2;1;1er et 2nd Cycles;2;RAS;222209877;MVOLYE, 207 YAOUNDE;1;MVOLYE;207 YAOUNDE;\N
243;COLLEGE PRIVE LAIC LES SAPINS;5LH2TCFD110046100;Etablissement;1;1;1er et 2nd Cycles;2;RAS;699923498;NSIMEYONG 2, 30688 YAOUNDE;1;NSIMEYONG 2;30688 YAOUNDE;\N
243;COLLEGE PRIVE DIDEROT;5LH2TEFD110030109;Etablissement;1;1;1er et 2nd Cycles;2;RAS;696193128;AHALLA II, 20323 YAOUNDE;1;AHALLA II;20323 YAOUNDE;\N
243;INSTITUT PRIVE LAIC PAUL MOMO;5LH2TEFD110072110;Etablissement;1;1;1er et 2nd Cycles;2;RAS;677530085;NSIMEYONG III, 7702 YAOUNDE;1;NSIMEYONG III;7702 YAOUNDE;URBAINE
244;INSTITUT POLYVALENT BILINGUE CECILE ET GABRIEL DIPITO;5LI2WBD101013109;Etablissement;1;3;1er Cycle;6;RAS;675067624;AWAE, 452 YAOUNDE;1;AWAE;452 YAOUNDE;RURALE
244;COLLEGE PRIVE LAIC DU MONT VALERIEN;5LI2WFD100036100;Etablissement;1;1;1er Cycle;6;RAS;699997645;EKOUNOU II, 8398  YAOUNDE;1;EKOUNOU II;8398  YAOUNDE;URBAINE
244;COLLEGE D'ENSEIGNEMENT TECHNIQUE COMMERCIAL ET INDUSTRIEL NFANDJA II;5LI2TEFD101233118;Etablissement;1;1;1er Cycle;2;RAS;699758552;EKIE-SUD CHEFFERIE, ;1;EKIE-SUD CHEFFERIE;;\N
244;AMASIA MAHANAIM BILINGUAL SECONDARY SCHOOL;5LI2WBD111186101;Etablissement;1;3;1er et 2nd Cycles;6;RAS;699981209;EKOUNOU, 13963 YAOUNDE;1;EKOUNOU;13963 YAOUNDE;\N
244;CENTRE EDUCATIF LE BON BERGER  (CEBER);5LI2WBD110007101;Etablissement;1;3;1er et 2nd Cycles;6;RAS;675445133;EKIE, 11802 YAOUNDE;1;EKIE;11802 YAOUNDE;URBAINE
244;COLLEGE BILINGUE INTERNATIONAL LA FIERTE;5LI2WBD111187113;Etablissement;1;3;1er et 2nd Cycles;6;RAS;677701800;NKOMO, 30459 YAOUNDE;1;NKOMO;30459 YAOUNDE;\N
244;COLLEGE BILINGUE SHAKESPEARE;5LI2WBD111392096;Etablissement;1;3;1er et 2nd Cycles;6;RAS;699950804;MINBOMAN, 8392 YAOUNDE;1;MINBOMAN;8392 YAOUNDE;\N
244;COLLEGE PI AND JU;5LI2WBD111281103;Etablissement;1;3;1er et 2nd Cycles;6;RAS;677702716;NKOMO-BITENG, 8176 YAOUNDE;1;NKOMO-BITENG;8176 YAOUNDE;\N
244;NONO BILINGUAL TECHNICAL COLLEGE;5LI2WBD111273110;Etablissement;1;3;1er et 2nd Cycles;6;RAS;677743139;MIMBOMAN, 15020 YAOUNDE;1;MIMBOMAN;15020 YAOUNDE;RURALE
244;COURS DU SOIR ADVENTISTE D'ODZA;5LI2WFE110055108;Etablissement;4;1;1er et 2nd Cycles;6;RAS;;ODZA, 401 YDE;1;ODZA;401 YDE;\N
244;COLLEGE PRIVE LAIC ATANGANA ESSOMBA;5LI2WFD111016101;Etablissement;1;1;1er et 2nd Cycles;6;RAS;242133827;MONTEE KONDENGUI, 7152 YAOUNDE;1;MONTEE KONDENGUI;7152 YAOUNDE;URBAINE
244;COLLEGE PRIVE LAIC COMPLEXE BILINGUE YONDO;5LI2WFD110923107;Etablissement;1;1;1er et 2nd Cycles;6;RAS;677986763;MVAN COMPLEXE BEAC, 14387 YAOUNDE;1;MVAN COMPLEXE BEAC;14387 YAOUNDE;RURALE
244;COLLEGE PRIVE LAIC FRANTZ FANON;5LI2WFD110039106;Etablissement;1;1;1er et 2nd Cycles;6;RAS;697407242;, ;1;;;\N
244;COLLEGE PRIVE LAIC MARIE ALBERT II  ( COMAL II);5LI2WFD110047105;Etablissement;1;1;1er et 2nd Cycles;6;RAS;696264394;OYACK NKOMO, 11562 YDE;1;OYACK NKOMO;11562 YDE;\N
244;COMPLEXE EDUCATIF JAMES BECKKER;5LI2WFD110069094;Etablissement;1;1;1er et 2nd Cycles;6;RAS;697204588;ETAM BAFIA, 14570 YAOUNDE;1;ETAM BAFIA;14570 YAOUNDE;\N
244;COMPLEXE SCOLAIRE LENYA;5LI2WFD111271117;Etablissement;1;1;1er et 2nd Cycles;6;RAS;699897938;MEYO, 13024 YAOUNDE;1;MEYO;13024 YAOUNDE;URBAINE
244;INSTITUT  GAZOLENT;5LI2WFD110057080;Etablissement;1;1;1er et 2nd Cycles;6;RAS;22306442;EKOUNOU, 1933 YDE ;1;EKOUNOU;1933 YDE ;\N
244;INSTITUT DES TECHNIQUES,DES SCIENCES ET DES ENSEIGNEMENTS;5LI2WFD111272093;Etablissement;1;1;1er et 2nd Cycles;6;RAS;699784835;MENDONG, 5134 YAOUNDE;1;MENDONG;5134 YAOUNDE;\N
244;INSTITUT PETOU;5LI2WFD110064110;Etablissement;1;1;1er et 2nd Cycles;6;RAS;699008904;EKOUMDOUM, 7143 YDE;1;EKOUMDOUM;7143 YDE;\N
244;INSTITUT PRIVE LAIC DES TECHNIQUES,DES SCIENCES ET DES ENSEIGNEMENTS (ITSE);5LI2WFD111179093;Etablissement;1;1;1er et 2nd Cycles;6;RAS;222318986;MENDONG, 5134 YAOUNDE;1;MENDONG;5134 YAOUNDE;RURALE
244;INSTITUT PRIVE LAIC INTERNATIONAL AIME CESAIRE;5LI2WFD111014113;Etablissement;1;1;1er et 2nd Cycles;6;RAS;677675899;BITENG, 4576 Yaounde;1;BITENG;4576 Yaounde;URBAINE
244;INSTITUT PRIVE LAIC MBE;5LI2WFD110071093;Etablissement;1;1;1er et 2nd Cycles;6;RAS;676006596;NKOMO, 3015 YAOUNDE;1;NKOMO;3015 YAOUNDE;URBAINE
244;INSTITUT SIANTOU ;5LI2WFD110077087;Etablissement;1;1;1er et 2nd Cycles;6;RAS;699913642;NKOLNDONGO, ;1;NKOLNDONGO;;\N
244;JEUNESSE LUMIERE (COBIJEL);5LI2WFD111275105;Etablissement;1;1;1er et 2nd Cycles;6;RAS;694575144;EKIE, 7343 YAOUNDE;1;EKIE;7343 YAOUNDE;URBAINE
244;SAINT JOHN ACADEMY OF EXCELLENCE;5LI2TEAD111383122;Etablissement;1;2;1er et 2nd Cycles;2;RAS;675731633;MEYO-AHALA, ;1;MEYO-AHALA;;RURALE
244;ST JOSEPH'S FOUDATION ANGLO-SAXON TECHNICAL COLLEGE;5LI2TEAD111121112;Etablissement;1;2;1er et 2nd Cycles;2;RAS;;, ;1;;;\N
244;COLLEGE FRANCOIS KAMMOGNE;5LI2TEFD111284120;Etablissement;1;1;1er et 2nd Cycles;2;RAS;677700785;MBOG ABANG, 12741 YAOUNDE;1;MBOG ABANG;12741 YAOUNDE;RURALE
244;COLLEGE PRIVE LAIC DOLTA;5LI2TEFD110035110;Etablissement;1;1;1er et 2nd Cycles;2;RAS;699501518;ABOM, 30008 YAOUNDE;1;ABOM;30008 YAOUNDE;URBAINE
244;COLLEGE TECHNIQUE PRIVE SAINTE THERESE;5LI2TEFD111137116;Etablissement;1;1;1er et 2nd Cycles;2;RAS;682366958;EKOUMDOUM, 20364 YAOUNDE;1;EKOUMDOUM;20364 YAOUNDE;\N
245;AYUNGHA BILINGUAL COMPREHENSIVE HIGH SCHOOL;5LJ2WBD100004100;Etablissement;1;3;1er Cycle;6;RAS;677515009;NGOUSSO, ;1;NGOUSSO;;\N
245;COLLEGE POLYVALENT SAINT AUGUSTIN;5LJ2WFD100026106;Etablissement;1;1;1er Cycle;6;RAS;699558649;ELEVEUR, 15122 YAOUNDE;1;ELEVEUR;15122 YAOUNDE;\N
245;COLLEGE D'ENSEIGNEMENT TECHNIQUE INDUSTRIEL FEMININ ( CETIF SORAWELL );5LJ2TCFD100020109;Etablissement;1;1;1er Cycle;2;RAS;;, ;1;;;\N
245;COLLEGE DU SUCCES;5LJ2WFD111127106;Etablissement;1;1;1er et 2nd Cycles;6;RAS;674460086;NGOA, 13440 YAOUNDE;1;NGOA;13440 YAOUNDE;\N
245;CETI NOTRE DAME DES VICTOIRES;5LJ2WFD110012066;Etablissement;2;1;1er et 2nd Cycles;6;RAS;222232810;MVOG ADA, 351 YAOUNDE;1;MVOG ADA;351 YAOUNDE;URBAINE
245;COLLEGE BILINGUE LES COLOMBE D'OR;5LJ2WFD111188113;Etablissement;1;1;1er et 2nd Cycles;6;RAS;699991410;ESSESSAL AKOK, 33820 YAOUNDE;1;ESSESSAL AKOK;33820 YAOUNDE;\N
245;COLLEGE BILINGUE TCHEUTCHOUA;5LJ2WFD111231118;Etablissement;1;1;1er et 2nd Cycles;6;RAS;699908806;NGOUSSO  II, 1237 BAFOUSSAM;1;NGOUSSO  II;1237 BAFOUSSAM;\N
245;COLLEGE PRIVE  LAIC LES LILAS;5LJ2WFD110027105;Etablissement;1;1;1er et 2nd Cycles;6;RAS;699964283;NKOLMESSENG, ;1;NKOLMESSENG;;\N
245;COLLEGE PRIVE LAIC DE L'ESPERANCE (COPES);5LJ2WFD110034092;Etablissement;1;1;1er et 2nd Cycles;6;RAS;699915690;NGOUSSO, ;1;NGOUSSO;;\N
245;COLLEGE PRIVE LAIC LA DIGNITE;5LJ2WFD110044105;Etablissement;1;1;1er et 2nd Cycles;6;RAS;699724782;ESSOS- HOTEL DU PLATEAU, 4144 YAOUNDE;1;ESSOS- HOTEL DU PLATEAU;4144 YAOUNDE;\N
245;COLLEGE PRIVE LAIC LAROUSSE;5LJ2WFD110045102;Etablissement;1;1;1er et 2nd Cycles;6;RAS;699206650;ESSOS AVENUE GERMAINE, 11700 YAOUNDE;1;ESSOS AVENUE GERMAINE;11700 YAOUNDE;\N
245;COMPLEXE SCOLAIRE SAINT ANDRE;5LJ2WFD111241103;Etablissement;1;1;1er et 2nd Cycles;6;RAS;;QUARTIER FOUDA, 144 YAOUNDE;1;QUARTIER FOUDA;144 YAOUNDE;\N
245;INSTITUT PRIVE LAIC ESSOMBA;5LJ2WFD110070103;Etablissement;1;1;1er et 2nd Cycles;6;RAS;677762525;ESSOS, 3941 YAOUNDE;1;ESSOS;3941 YAOUNDE;\N
245;COLLEGE PRIVE LAIC GOLDEN INSTITUTE;5LJ2TCFD110040112;Etablissement;1;1;1er et 2nd Cycles;2;RAS;674653603;NKOLMESSENG-YAOUNDE, 1344 YAOUNDE;1;NKOLMESSENG-YAOUNDE;1344 YAOUNDE;\N
245;INSTITUT PRIVE ISLAMIQUE DE GESTION;5LJ2TEFD111113109;Etablissement;3;1;1er et 2nd Cycles;2;RAS;;ESSOS SUD II,   12710 YAOUNDE;1;ESSOS SUD II;  12710 YAOUNDE;\N
245;INSTITUT SAMBA;5LJ2WFD010076079;Etablissement;1;1;2nd Cycle;6;RAS;696291834;MVOG ADA, 2490 YDE;1;MVOG ADA;2490 YDE;\N
246;COMPLEXE SCOLAIRE PRIVE LAIC BILINGUE EMMAUS (COSBIE);5LK2WAD111012103;Etablissement;1;2;1er et 2nd Cycles;6;RAS;675509438;MENDONG, 15533  YAOUNDE;1;MENDONG;15533  YAOUNDE;URBAINE
246;PEACE HOME TECHNICAL AND COMMERCIAL HIGH SCHOOL;5LK2WAD111385119;Etablissement;1;2;1er et 2nd Cycles;6;RAS;677113437;ETOUG-EBE, 31217 YAOUNDE;1;ETOUG-EBE;31217 YAOUNDE;RURALE
246;COLLEGE BILINGUE LA LUMIERE;5LK2WBD111189113;Etablissement;1;3;1er et 2nd Cycles;6;RAS;696463555;ETOUG-EBE  TKC, 2140 YAOUNDE;1;ETOUG-EBE  TKC;2140 YAOUNDE;\N
246;COLLEGE POLYVALENT BILINGUE LES AIGLONS;5LK2WBD110025101;Etablissement;1;3;1er et 2nd Cycles;6;RAS;674283096;AKOK-NDOE, 6177 YAOUNDE;1;AKOK-NDOE;6177 YAOUNDE;\N
246;INSTITUT POLYVALENT NIBERT (I.P.O.N.I);5LK2WBD110066101;Etablissement;1;3;1er et 2nd Cycles;6;RAS;22310314;MENDONG, 6316 YAOUNDE;1;MENDONG;6316 YAOUNDE;\N
246;MEVICK BILINGUAL GRAMMAR SCHOOL;5LK2WBD111391092;Etablissement;1;3;1er et 2nd Cycles;6;RAS;651109550;ETOUG-EBE, 1378 YAOUNDE;1;ETOUG-EBE;1378 YAOUNDE;\N
246;COMPLEXE SCOLAIRE PRIVE ADVENTISTE D'ODZA;5LK2WFD110053100;Etablissement;4;1;1er et 2nd Cycles;6;RAS;222224301;ODZA, 401 YAOUNDE;1;ODZA;401 YAOUNDE;\N
246;COLLEGE DES SCIENCES ET TECHNIQUES  INDUSTRIELLES  (C.S.T.I.);5LK2WFD110022078;Etablissement;1;1;1er et 2nd Cycles;6;RAS;699537526;ETOUG EBE, 878 YAOUNDE;1;ETOUG EBE;878 YAOUNDE;\N
246;COLLEGE POLYVALENT LA MUTUELLE COMMUNAUTAIRE DE DEVELOPPEMENT;5LK2WFD111117114;Etablissement;1;1;1er et 2nd Cycles;6;RAS;677545576;ETOUG-EBE II, 7362 DOUALA;1;ETOUG-EBE II;7362 DOUALA;URBAINE
246;COLLEGE PRIVE LAIC D'ENSEIGNEMENT TECHNIQUE TANKEU;5LK2WFD111446100;Etablissement;1;1;1er et 2nd Cycles;6;RAS;670208008;ETOUG EBE, 263952 YAOUNDE;1;ETOUG EBE;263952 YAOUNDE;RURALE
246;COLLEGE PRIVE LAIC INSTITUT BILINGUE BAUDELAIRE (IBB);5LK2WFD110041104;Etablissement;1;1;1er et 2nd Cycles;6;RAS;696658105;MENDONG, 5697 YDE;1;MENDONG;5697 YDE;\N
246;COMPLEXE SCOLAIRE LA VISION;5LK2WFD111015115;Etablissement;1;1;1er et 2nd Cycles;6;RAS;696151434;MENDONG, 1358 YAOUNDE;1;MENDONG;1358 YAOUNDE;\N
246;GROUPE SCOLAIRE PRIVE LAIC DJONOU;5LK2WFD110056102;Etablissement;1;1;1er et 2nd Cycles;6;RAS;696082792;BIYEM ASSI, 6007 YAOUNDE;1;BIYEM ASSI;6007 YAOUNDE;\N
246;INSTITUT DES SCIENCES ECONOMIQUE ET INFORMATIQUE DE GESTION (ISEIG);5LK2WFD110060096;Etablissement;1;1;1er et 2nd Cycles;6;RAS;696019012;MINI FERME, 6385 YAOUNDE;1;MINI FERME;6385 YAOUNDE;\N
246;INSTITUT TECHNIQUE INDUSTRIEL D'ETOUG EBE (I.T.I.E);5LK2WFD110078092;Etablissement;1;1;1er et 2nd Cycles;6;RAS;677704441;ETOUG EBE, 952 YAOUNDE;1;ETOUG EBE;952 YAOUNDE;\N
246;ANGLO-SAXON TECHNICAL AND GENERAL GROUP OF SCHOOL;5LK2TEAD111269119;Etablissement;1;2;1er et 2nd Cycles;2;RAS;682099990;ETOUG-EBE, 8623 YAOUNDE;1;ETOUG-EBE;8623 YAOUNDE;\N
246;COURS DU SOIR LA VISION;5LK2TEFE111112115;Etablissement;1;1;1er et 2nd Cycles;2;RAS;;MENDONG, 1358 YAOUNDE;1;MENDONG;1358 YAOUNDE;\N
246;COLLEGE PRIVE LAIC DU SAVOIR;5LK2WFD010037100;Etablissement;1;1;2nd Cycle;6;RAS;654920727;BIYEM ASSI, 30201 YAOUNDE;1;BIYEM ASSI;30201 YAOUNDE;URBAINE
246;LYCEE TECHNIQUE PRIVE KEYNES;5LK2TCFD011018115;Etablissement;1;1;2nd Cycle;2;RAS;699638244;NSIMEYONG III, 12687 YAOUNDE;1;NSIMEYONG III;12687 YAOUNDE;RURALE
247;COMPLEXE SCOLAIRE YONA;5LL2WFD100054106;Etablissement;1;1;1er Cycle;6;RAS;677666228;NKOLBISSON, 25064  YAOUNDE;1;NKOLBISSON;25064  YAOUNDE;\N
247;INSTITUT LE JOURDAIN;5LL2WFD100061107;Etablissement;1;1;1er Cycle;6;RAS;677668985;NKOLBISSON, 17556 YAOUNDE;1;NKOLBISSON;17556 YAOUNDE;URBAINE
247;COLLEGE D'ENSEIGNEMENT TECHNIQUE EKANI EYENGA;5LL2TEFD100019102;Etablissement;1;1;1er Cycle;2;RAS;690518251;OYOMABANG, 7333 YDE;1;OYOMABANG;7333 YDE;\N
247;GENIUS TRILINGUAL COLLEGE;5LL2WAD111192115;Etablissement;1;2;1er et 2nd Cycles;6;RAS;674053092;NKOLBISSON, 11444 YAOUNDE;1;NKOLBISSON;11444 YAOUNDE;\N
247;COLLEGE BILINGUE KIATABALA;5LL2WBD111190100;Etablissement;1;3;1er et 2nd Cycles;6;RAS;677754427;NKOLAFEME, 13217 YAOUNDE;1;NKOLAFEME;13217 YAOUNDE;\N
247;L'INSTITUT BILINGUE ROGER AMPERE;5LL2WBD111193117;Etablissement;1;3;1er et 2nd Cycles;6;RAS;677271106;NKOLAFEME, 2303 YAOUNDE;1;NKOLAFEME;2303 YAOUNDE;\N
247;COLLEGE BILINGUE L'ETERNEL MA BANNIERE;5LL2WFD111342121;Etablissement;1;1;1er et 2nd Cycles;6;RAS;696265725;NKOLAFEME, 4346 YAOUNDE;1;NKOLAFEME;4346 YAOUNDE;\N
247;COLLEGE BILINGUE LE SAVOIR PLUS;5LL2WFD11125101;Etablissement;1;1;1er et 2nd Cycles;6;RAS;699891749;NKOL-AFEME, 2402 YAOUNDE;1;NKOL-AFEME;2402 YAOUNDE;\N
247;COLLEGE BILINGUE LE SAVOIR PLUS DE NKOLAFEME;5LL2WFD111237117;Etablissement;1;1;1er et 2nd Cycles;6;RAS;;NKOLAFEME, 2402 YAOUNDE;1;NKOLAFEME;2402 YAOUNDE;\N
247;COLLEGE DE LA PAIX;5LL2WFD111134107;Etablissement;1;1;1er et 2nd Cycles;6;RAS;699715755;OYOM-ABANG, 17681 YAOUNDE;1;OYOM-ABANG;17681 YAOUNDE;URBAINE
247;COLLEGE LE SAMARITAIN;5LL2WFD111240110;Etablissement;1;1;1er et 2nd Cycles;6;RAS;222227413;NKOLBISSON, 2675 YAOUNDE;1;NKOLBISSON;2675 YAOUNDE;\N
247;COLLEGE VENUS;5LL2WFD111244108;Etablissement;1;1;1er et 2nd Cycles;6;RAS;;OYOM ABANG, 6651 YAOUNDE;1;OYOM ABANG;6651 YAOUNDE;RURALE
247;INSTITUT MGR RENE GRAFFIN;5LL2WFD110063095;Etablissement;1;1;1er et 2nd Cycles;6;RAS;699729100;NKOLBISSON, ;1;NKOLBISSON;;\N
247;COLLEGE MOUKETE;5LL2TEFD111191117;Etablissement;1;1;1er et 2nd Cycles;2;RAS;691761281;MINKOAMEYOS, 1632 YAOUNDE;1;MINKOAMEYOS;1632 YAOUNDE;URBAINE
247;COLLEGE PRIVE LAIC  TECHNIQUE STELLA MARIS;5LL2TEFD110031108;Etablissement;1;1;1er et 2nd Cycles;2;RAS;677726149;ETETACK (CITE VERTE), 1112 YAOUNDE;1;ETETACK (CITE VERTE);1112 YAOUNDE;URBAINE
247;COLLEGE PRIVE LAIC BILINGUE HELENE FRANCOISE;5LL2TEFD111314120;Etablissement;1;1;1er et 2nd Cycles;2;RAS;677701000;NKOL AFEME, 8290 YAOUNDE;1;NKOL AFEME;8290 YAOUNDE;URBAINE
248;COLLEGE PRIVE POLYVALENT BILINGUE LES FERMIONS;4KC2WBD101180117;Etablissement;1;3;1er Cycle;6;RAS;699548173;BAMENDZI-TAYIM, 1399 BAFOUSSAM;1;BAMENDZI-TAYIM;1399 BAFOUSSAM;RURALE
248;COLLEGE EVANGELIQUE BILINGUE DE BAFOUSSAM;4KC2WBD110227097;Etablissement;4;3;1er et 2nd Cycles;6;RAS;677516578;DJEMOUN, 42 BAFOUSSAM;1;DJEMOUN;42 BAFOUSSAM;\N
248;COLLEGE POLYVALENT BILINGUE MARTIN LUTHER KING;4KC2WBD110233088;Etablissement;1;3;1er et 2nd Cycles;6;RAS;233444001;BAMENDZI 3 CARREFOUR EVECHE, 227 BAFOUSSAM;1;BAMENDZI 3 CARREFOUR EVECHE;227 BAFOUSSAM;URBAINE
248;COLLEGE PRIVE LAIC VOLTAIRE;4KC2WFD110290071;Etablissement;1;1;1er et 2nd Cycles;6;RAS;696940507;BANENGO 1, 391 BAFOUSSAM;1;BANENGO 1;391 BAFOUSSAM;URBAINE
248;COMPLEXE POLYTECHNIQUE PRIVE LAIC BILINGUE TAMA (COPOBIT);4KC2WFD110276106;Etablissement;1;1;1er et 2nd Cycles;6;RAS;696894826;BANENGO, 325 BAFOUSSAM;1;BANENGO;325 BAFOUSSAM;\N
248;COLLEGE PRIVE LAIC BILINGUE DE L'ESPERANCE DE  BAFOUSSAM;4KC2TEFD110245112;Etablissement;1;1;1er et 2nd Cycles;2;RAS;695051595;NDIENGSO, 1328 BAFOUSSAM;1;NDIENGSO;1328 BAFOUSSAM;URBAINE
248;COLLEGE PRIVE CATHOLIQUE SACRE COEUR;4KC2WFD010241068;Etablissement;2;1;2nd Cycle;6;RAS;696329255;TAMDJA, 549 BAFOUSSAM;1;TAMDJA;549 BAFOUSSAM;URBAINE
249;INSTITUT SOMBE;4KE2WFD100263095;Etablissement;1;1;1er Cycle;6;RAS;679852821;KONGSO, 744 BAMOUGOUM;1;KONGSO;744 BAMOUGOUM;URBAINE
249;COLLEGE PRIVE POLYVALENT BILINGUE DE LA REUNIFICATION (COREBAF);4KE2WBD110255063;Etablissement;1;3;1er et 2nd Cycles;6;RAS;656455435;TYO-VILLE, 266 BAFOUSSAM;1;TYO-VILLE;266 BAFOUSSAM;\N
249;INSTITUTE OF TECHNOLOGIES AND GENERAL EDUCATION (ITEGE);4KE2WBD110261111;Etablissement;1;3;1er et 2nd Cycles;6;RAS;677714746;KENE, 186 BAFOUSSAM;1;KENE;186 BAFOUSSAM;\N
249;COLLEGE PRIVE LAIC NELSON MANDELA;4KE2WFD110252096;Etablissement;1;1;1er et 2nd Cycles;6;RAS;650713504;TYO-VILLAGE, 1160 BAFOUSSAM;1;TYO-VILLAGE;1160 BAFOUSSAM;\N
249;COLLEGE PRIVE LAIC SOCRATE;4KE2WFD110254104;Etablissement;1;1;1er et 2nd Cycles;6;RAS;676546741;LAFE 2, 1228 BAFOUSSAM;1;LAFE 2;1228 BAFOUSSAM;\N
249;COLLEGE BILINGUE BIAST;4KE2TIFD111354121;Etablissement;1;1;1er et 2nd Cycles;2;RAS;676832412;TYO-LAGOUENG, 1026 BAFOUSSAM;1;TYO-LAGOUENG;1026 BAFOUSSAM;\N
249;COLLEGE PRIVE CATHOLIQUE  POLYVALENT SAINTE FAMILLE;4KE2WFD110910107;Etablissement;2;1;1er et 2nd Cycles;2;RAS;697422724;TYO BALENG, 1040 BALENG;1;TYO BALENG;1040 BALENG;URBAINE
249;COLLEGE PRIVE CATHOLIQUE D'ENSEIGNEMENT TECHNIQUE ET COMMERCIAL (CETIC DE BAPI);4KE2TEFD110239107;Etablissement;2;1;1er et 2nd Cycles;2;RAS;699003139;BAPI, 1298 BAFOUSSAM;1;BAPI;1298 BAFOUSSAM;URBAINE
249;COLLEGE POLYVALENT NEGOU;4KE2TEFD111154116;Etablissement;1;1;1er et 2nd Cycles;2;RAS;699973796;LAFE 1, 1310 BAFOUSSAM;1;LAFE 1;1310 BAFOUSSAM;\N
250;COLLEGE PRIVE LAIC HEDJE (COPLAH);4KH2WFD100248101;Etablissement;1;1;1er Cycle;6;RAS;699830109;TCHOUWONG 2, 74 BAFOUSSAM;1;TCHOUWONG 2;74 BAFOUSSAM;URBAINE
250;COLLEGE PRIVE D'ENSEIGNEMENT GENERAL ET TECHNIQUE INDUSTRIEL ET COMMERCIAL (COGETIC);4KH2TIFD101139116;Etablissement;1;1;1er Cycle;2;RAS;694336916;TOUGANG II, 612 BAFOUSSAM;1;TOUGANG II;612 BAFOUSSAM;\N
250;CETIC ROBERT NAOUSSI;4KH2TEFD100217107;Etablissement;2;1;1er Cycle;2;RAS;699474713;DOUMELONG-BAMOUGOUM, 1298 BAFOUSSAM;1;DOUMELONG-BAMOUGOUM;1298 BAFOUSSAM;URBAINE
250;COLLEGE POLYVALENT BILINGUE LA REUSSITE;4KH2WBD110234091;Etablissement;1;3;1er et 2nd Cycles;6;RAS;699908806;KAMKOP 7, 1237 BAFOUSSAM;1;KAMKOP 7;1237 BAFOUSSAM;URBAINE
250;COLLEGE POLYVALENT ASSOMPTION;4KH2WFD110262106;Etablissement;2;1;1er et 2nd Cycles;6;RAS;698985860;TOKEP, 263 BAFOUSSAM;1;TOKEP;263 BAFOUSSAM;URBAINE
250;COLLEGE PRIVE LAIC DE LA CITE (CO.CI.BAF);4KH2WFD011203096;Etablissement;1;1;1er et 2nd Cycles;6;RAS;699362706;BAMENDZI KING PLACE, 57 BAFOUSSAM;1;BAMENDZI KING PLACE;57 BAFOUSSAM;\N
250;INSTITUT MODERNE TCHEUTCHOUA ;4KH2WFD110267108;Etablissement;1;1;1er et 2nd Cycles;6;RAS;677370209;NGOUACHE 4, 1237 BAFOUSSAM;1;NGOUACHE 4;1237 BAFOUSSAM;URBAINE
256;INSTITUT POLYVALENT MITOUKEM;7CT2WFD110171091;Etablissement;1;1;1er et 2nd Cycles;6;RAS;677409424;EKANGTE CRTV, 36 NKONGSAMBA;1;EKANGTE CRTV;36 NKONGSAMBA;\N
256;CETI SAINTE MONIQUE;7CT2TEFD111019080;Etablissement;2;1;1er et 2nd Cycles;2;RAS;233490308;CATHEDRALE, 316 NKONGSAMBA;1;CATHEDRALE;316 NKONGSAMBA;URBAINE
257;COLLEGE PRIVE LAIC COMMERCIAL ET INDUSTRIEL DE MELONG (CCIG);7CL2WFD100123108;Etablissement;1;1;1er Cycle;6;RAS;699334577;CITE VERTE MELONG 2, 187 MELONG;1;CITE VERTE MELONG 2;187 MELONG;RURALE
257;INSTITUT POLYVALENT KWABER;7CE2WFD101352087;Etablissement;1;1;1er Cycle;6;RAS;674842202;BARE, 527 NKONGSAMBA;1;BARE;527 NKONGSAMBA;RURALE
258;INSTITUT POLYVALENT DE BOMONO BA MBENGUE ;7CH2WFD100167100;Etablissement;1;1;1er Cycle;6;RAS;699953046;BOMONO BA MBENGUE, 9729 BONABERI;1;BOMONO BA MBENGUE;9729 BONABERI;\N
258;INSTITUT POLYVALENT BILINGUE MARIE-THERESE;7CH2TCFD111300120;Etablissement;1;1;1er et 2nd Cycles;2;RAS;679998080;BWADIBO, 6021 DOUALA;1;BWADIBO;6021 DOUALA;RURALE
258;SMART COLLEGE OF TECHNOLOGY;7CH2TEAD111265118;Etablissement;1;2;1er et 2nd Cycles;2;RAS;677778044;BABENGA, 9496 DOUALA;1;BABENGA;9496 DOUALA;\N
259;DARIUSTOWN TECHNICAL EVENING SCHOOL;7CS2TEAE101123116;Etablissement;1;2;1er Cycle;2;RAS;;SOUZA-GARE, 39 NKAPA;1;SOUZA-GARE;39 NKAPA;\N
259;NEW HOPE COLLEGE;7CS2WAD111400121;Etablissement;1;2;1er et 2nd Cycles;6;RAS;677753836;SOUZA, 11 NKAPA;1;SOUZA;11 NKAPA;RURALE
260;COLLEGE NGAMGA  ET FRERES;7CI2WFD101252113;Etablissement;1;1;1er Cycle;6;RAS;677740179;GARE FERROVIAIRE, 120 LOUM;1;GARE FERROVIAIRE;120 LOUM;URBAINE
260;BILINGUAL COMPREHENSIVE HIGH SCHOOL LOUM;7CI2TCAD101401123;Etablissement;1;2;1er Cycle;2;RAS;675898303;LOUM, ;1;LOUM;;\N
260;MARY BILINGUAL COMPREHENSIVE HIGH SCHOOL;7CI2TCBD101287120;Etablissement;1;3;1er Cycle;2;RAS;677647737;LOUM, 37 LOUM;1;LOUM;37 LOUM;\N
260;COLLEGE PRIVE LAIC LA REUSSITE;7CI2WAD110132099;Etablissement;1;2;1er et 2nd Cycles;6;RAS;677876187;NGODI, 92 LOUM;1;NGODI;92 LOUM;RURALE
260;COLLEGE PRIVE LAIC DES ARTS ET METIERS;7CI2WFD110127106;Etablissement;1;1;1er et 2nd Cycles;6;RAS;677050259;NGODO 2, 166 LOUM;1;NGODO 2;166 LOUM;RURALE
260;COLLEGE PRIVE LAIC POLYVALENT DARIUSTOWN;7CI2TEFD110139090;Etablissement;1;1;1er et 2nd Cycles;2;RAS;676518683;NKONGPEN SOUZA NKAPA, 39 DARIUSTOWN;1;NKONGPEN SOUZA NKAPA;39 DARIUSTOWN;\N
263;PROVIDENCE BILINGUAL COMPREHENSIVE HIGH SCHOOL;7CK2WBD101174117;Etablissement;1;3;1er Cycle;6;RAS;677656571;MBANGA TOUMBOKA, 15 MBANGA;1;MBANGA TOUMBOKA;15 MBANGA;\N
263;EFFICIENT BILINGUAL ARAB COMPREHENSIVE HIGH SCHOOL;7CK2TEBD101364122;Etablissement;3;3;1er Cycle;2;RAS;687646700;MBANGA, 001 MBANGA;1;MBANGA;001 MBANGA;RURALE
263;COLLEGE SAINTE CECILE;7CK2TEFD101017065;Etablissement;2;1;1er Cycle;2;RAS;;, ;1;;;\N
264;COLLEGE PRIVE LAIC BILINGUE ET TECHNIQUE DE MELONG;7CL2WBD101011096;Etablissement;1;3;1er Cycle;6;RAS;680293209;MELONG CENTRE, 180 MELONG;1;MELONG CENTRE;180 MELONG;\N
264;COLLEGE PRIVE LAIC TCHUMO AARON;7CL2WFD100151073;Etablissement;1;1;1er Cycle;6;RAS;672538424;PONT, 52 MELONG;1;PONT;52 MELONG;\N
264;INSTITUT PRIVE LAIQUE LE PROGRES;7CL2WFD101253118;Etablissement;1;1;1er Cycle;6;RAS;699334577;NDENZO, 78 NKONGSAMBA;1;NDENZO;78 NKONGSAMBA;\N
264;L'INSTITUT PRIVE DE L'UNITE;7CL2WFD101195109;Etablissement;1;1;1er Cycle;6;RAS;675602593;NKOUGSONG, 231 MELONG;1;NKOUGSONG;231 MELONG;RURALE
264;INSTITUT DE TECHNOLOGIES APPLIQUEES NGUENANG RENE;7CL2TIFD111004114;Etablissement;1;1;1er et 2nd Cycles;2;RAS;670320436;MELONG DEPUTE, 01 MELONG;1;MELONG DEPUTE;01 MELONG;\N
266;COLLEGE UNIVERSEL;7CN2WFD110155079;Etablissement;1;1;1er et 2nd Cycles;6;RAS;677579416;NKOMPITA II, BP 61 NJOMBE;1;NKOMPITA II;BP 61 NJOMBE;RURALE
266;COLLEGE POLYVALENT BILINGUE D'ENSEIGNEMENT SECONDAIRE GENERAL ET TECHNIQUE SAINT LUC;7CN2TEFD111299100;Etablissement;2;1;1er et 2nd Cycles;2;RAS;243491160;PENJA, 333 NKONGSAMBA;1;PENJA;333 NKONGSAMBA;URBAINE
266;INSTITUT SAINT JOSEPH;7CN2TEFD111351118;Etablissement;2;1;1er et 2nd Cycles;2;RAS;243491160;NKOMPITA, 333 NKONGSAMBA;1;NKOMPITA;333 NKONGSAMBA;\N
267;COLLEGE MONT KOUPE;7CQ2WFD100105076;Etablissement;1;1;1er Cycle;6;RAS;677680795;QUARTIER 1, 194 NKJONGSAMBA;1;QUARTIER 1;194 NKJONGSAMBA;\N
267;MATER MISERICORDIAE BILINGUAL SCHOOL NJANJO;7CQ2WBD111404123;Etablissement;2;3;1er et 2nd Cycles;6;RAS;233491160;NKONGSAMBA, 333 NKONGSAMBA;1;NKONGSAMBA;333 NKONGSAMBA;\N
267;CENTRE COMMERCIAL DE COMPTABILITE  ET DE SECRETARIAT (CCCS);7CQ2WFD110091065;Etablissement;1;1;1er et 2nd Cycles;6;RAS;699334631;QUARTIER 4 PASTORALE, 1499 YAOUNDE;1;QUARTIER 4 PASTORALE;1499 YAOUNDE;RURALE
267;COLLEGE POLYVALENT BILINGUE MBAMY FOCHADA ANDRE;7CQ2WFD110108071;Etablissement;1;1;1er et 2nd Cycles;6;RAS;;, ;1;;;\N
267;COLLEGE PRIVE LAIC DE L'ESPERANCE MOUNGO;7CQ2WFD110124099;Etablissement;1;1;1er et 2nd Cycles;6;RAS;675824606;QUARTIER 10 NZONDJA, 16 NKONGSAMBA;1;QUARTIER 10 NZONDJA;16 NKONGSAMBA;RURALE
267;COLLEGE PRIVE LAIC SOCKA BONGUE;7CQ2WFD110147076;Etablissement;1;1;1er et 2nd Cycles;6;RAS;699499131;QUARTIER 2 BELLE VUE, 213 NKONGSAMBA;1;QUARTIER 2 BELLE VUE;213 NKONGSAMBA;\N
269;COLLEGE PROTESTANT POLYVALENT DE NDOUNGUE;7CR2WFD100153050;Etablissement;4;1;1er Cycle;6;RAS;;, ;1;;;\N
272;COLLEGE PRIVE LAIC LES BATISSEURS;8EH2WFD110293110;Etablissement;1;1;1er et 2nd Cycles;6;RAS;;, ;1;;;\N
272;INSTITUT JEZI;8EH2WFD110269082;Etablissement;1;1;1er et 2nd Cycles;6;RAS;699650044;NKO4OVOS, 99 EBOLOWA;1;NKO4OVOS;99 EBOLOWA;\N
272;INSTITUT TECHNIQUE SAINTE ROSA VENERINI (ITSRV);8EH2TCFD111175117;Etablissement;1;1;1er et 2nd Cycles;2;RAS;681393951;NGALANE, 876 EBOLOWA;1;NGALANE;876 EBOLOWA;\N
273;COLLEGE UNIS D'ELAT;8EI2WFD100277088;Etablissement;4;1;1er Cycle;6;RAS;66024928;ELAT, 31 EBOLOWA;1;ELAT;31 EBOLOWA;\N
273;COLLEGE BONNEAU;8EI2WFD110297056;Etablissement;2;1;1er et 2nd Cycles;6;RAS;693880479;, ;1;;;\N
273;  INSTITUT PRIVE CATHOLIQUE D'ENSEIGNEMENT TECHNIQUE DON BOSCO;8EI2TIFD110265108;Etablissement;2;1;1er et 2nd Cycles;2;RAS;676380819;MIMBOMAN DISPENSAIRE, 877 EBOLOWA;1;MIMBOMAN DISPENSAIRE;877 EBOLOWA;URBAINE
275;COLLEGE PRIVE CATHOLIQUE SAINT FRANCOIS DE SALLE;8EK2TEFD100295088;Etablissement;2;1;1er Cycle;2;RAS;691895304;MELANE, 57 MENGONG;1;MELANE;57 MENGONG;\N
277;COLLEGE PRIVE CATHOLIQUE ETOILE;8EM2TCFD100302093;Etablissement;2;1;1er Cycle;2;RAS;676248105;NGOULEMAKONG, 06 NGOULEMAKONG;1;NGOULEMAKONG;06 NGOULEMAKONG;RURALE
278;COLLEGE SAINTE-BEUVE;4LC2TEFD110282082;Etablissement;1;1;1er et 2nd Cycles;2;RAS;677177444;NGANGOUN, 149 BANGANGTE;1;NGANGOUN;149 BANGANGTE;\N
278;COLLEGE  EVANGELIQUE THOMAS NOUTONG (COETHONOU);4LC2WFD011205090;Etablissement;4;1;2nd Cycle;6;RAS;699535457;SAGNAM, 01 BANGANGTE;1;SAGNAM;01 BANGANGTE;\N
284;CHRIST THE KING COMPREHENSIVE HIGH SCHOOL DE EKONDO TITI;6KH2WAD111212100;Etablissement;1;2;1er et 2nd Cycles;6;RAS;674233206;NJENKU, 25 EKONDO TITI;1;NJENKU;25 EKONDO TITI;RURALE
284;CHRIST THE KING COMPREHENSIVE HIGH SCHOOL;6KH2TCAD110296100;Etablissement;1;2;1er et 2nd Cycles;2;RAS;;EKONDO TITI , 25 EKONDO TITI;1;EKONDO TITI ;25 EKONDO TITI;RURALE
291;KING PETER'S INTERNATIONAL COLLEGE OF ARTS SCIENCE AND TECHNOLOGY;3LC2WAD111023111;Etablissement;1;2;1er et 2nd Cycles;6;RAS;;BABESSI, 21 BABESSI  NDOP;1;BABESSI;21 BABESSI  NDOP;URBAINE
292;STANDARD ACADEMIC BILINGUAL HIGH SCHOOL;3LE2WAD111363119;Etablissement;1;2;1er et 2nd Cycles;6;RAS;677805570;BANEKAT -QUARTER, 433 BALIKUMBAT;1;BANEKAT -QUARTER;433 BALIKUMBAT;\N
293;PRIDE OF HOPE SECONDARY SCHOOL.;3LI2WAD101245111;Etablissement;1;2;1er Cycle;6;RAS;675504508;BAMALI, ;1;BAMALI;;\N
293;STANDARD BILINGUAL COMPREHENSIVE COLLEGE;3LI2WAD101254110;Etablissement;1;2;1er Cycle;6;RAS;677866173;TELOH BAMUNKA, 03 NDOP;1;TELOH BAMUNKA;03 NDOP;\N
293;PROGRESSIVE COMMERCIAL SECONDARY SCHOOL;3LI2TCFD100209088;Etablissement;1;1;1er Cycle;2;RAS;;, ;1;;;\N
293;GENERAL AND TECHNICAL SECONDARY SCHOOL (GTSS);3LI2TEFD100197092;Etablissement;1;1;1er Cycle;2;RAS;;BAMALI VILLAGE-NDOP, 45;1;BAMALI VILLAGE-NDOP;45;RURALE
293;NDOP TECHNICAL INDUSTRIAL AND COMMERCIAL COLLEGE (NTCC);3LI2TEFD100206091;Etablissement;1;1;1er Cycle;2;RAS;677346555;MILE 25 BAMUNKA, 47 NDOP;1;MILE 25 BAMUNKA;47 NDOP;\N
293;COMMON INITIATIVE HIGH SCHOOL;3LI2WAD111247105;Etablissement;1;2;1er et 2nd Cycles;6;RAS;677896011;NDOP, ;1;NDOP;;RURALE
293;STANDARD ACADEMIC COMPREHENSIVE HIGH SCHOOL (SACHS) BAMUNKA-NDOP;3LI2WAD111022113;Etablissement;1;2;1er et 2nd Cycles;6;RAS;677805570;BAMUNKA-NDOP, 33 NDOP;1;BAMUNKA-NDOP;33 NDOP;\N
294;CETIC PROTESTANT DE NKONDJOCK;7EC2TEFD100094110;Etablissement;4;1;1er Cycle;2;RAS;;, ;1;;;\N
299;COLLEGE DE LA PAIX;4ME2WBD110223070;Etablissement;1;3;1er et 2nd Cycles;6;RAS;690924131;FOMCHOU, 43 FOUMBAN;1;FOMCHOU;43 FOUMBAN;RURALE
299;INSTITUT DES SCIENCES ECONOMIQUES ET TECHNIQUES APPLIQUEES (ISET);4ME2WFD110270090;Etablissement;1;1;1er et 2nd Cycles;6;RAS;699840647;FOSSET-NJINGOUO, 114 FOUMBOT;1;FOSSET-NJINGOUO;114 FOUMBOT;RURALE
300;COLLEGE PRIVE LAIC BILINGUE NJOYA ABOUBAKAR;4MH2WFD100247107;Etablissement;1;1;1er Cycle;6;RAS;685515004;NCHANKE, 81 FOUMBOT;1;NCHANKE;81 FOUMBOT;RURALE
300;"INSTITUT PRIVE LAIC POLYTECHNIQUE ""NDIYOH""";4MH2WFD111360080;Etablissement;1;1;1er et 2nd Cycles;6;RAS;695268831;FOUMBOT, 140 FOUMBOT;1;FOUMBOT;140 FOUMBOT;URBAINE
301;COLLEGE PRIVE LAIC DE L'AMITIE;4MI2WFD100230096;Etablissement;1;1;1er Cycle;6;RAS;675331112;NJIGBAMOUN, 70 KOUOPTAMO;1;NJIGBAMOUN;70 KOUOPTAMO;RURALE
302;COLLEGE PRIVE LAIC DE KOUTABA;4MJ2WFD110914095;Etablissement;1;1;1er et 2nd Cycles;6;RAS;694791503;KOUNDJA, ;1;KOUNDJA;;RURALE
317;COLLEGE  POLYVALENT EUGENE JAMOT ( IPEJA );5NC2WFD100018092;Etablissement;1;1;1er Cycle;6;RAS;;, ;1;;;\N
317;CETI MISSION CATHOLIQUE D'AKONOLINGA;5NC2TEFD110010066;Etablissement;2;1;1er et 2nd Cycles;2;RAS;699482808;MEYOS, 01 AKONOLINGA;1;MEYOS;01 AKONOLINGA;RURALE
324;MOTHER OF PERPETUAL HELP COMPREHENSIVE COLLEGE;5QH2TEAD101194117;Etablissement;2;2;1er Cycle;2;RAS;677535654;MBOCKULU, 232 MBALMAYO;1;MBOCKULU;232 MBALMAYO;\N
324;COLLEGE INSTITUTION DJILO;5QH2WFD110024071;Etablissement;1;1;1er et 2nd Cycles;6;RAS;690041815;, ;1;;;RURALE
324;INSTITUT DE FORMATION  ARTISTIQUE ( I F A );5QH2TIFD110059092;Etablissement;2;1;1er et 2nd Cycles;2;RAS;699838446;MBOCK KULU, 50 MBALMAYO;1;MBOCK KULU;50 MBALMAYO;RURALE
324;CETI NINA GIANETTI;5QH2TEFD110011077;Etablissement;2;1;1er et 2nd Cycles;2;RAS;22281034;MBOCK KULU, 320 MBALAMYO;1;MBOCK KULU;320 MBALAMYO;RURALE
324;COLLEGE PRIVE LAIC SAINT MUTIEN MARIE;5QH2TEFD111109113;Etablissement;1;1;1er et 2nd Cycles;2;RAS;679210474;, 369 MBALMAYO;1;;369 MBALMAYO;\N
331;CCETM/SAINT JOSEPH;8HH2TEFD101361079;Etablissement;1;1;1er Cycle;2;RAS;693378012;KRIBI, 301 KRIBI;1;KRIBI;301 KRIBI;\N
332;ZION BILINGUAL INTERNATIONAL COMPREHENSIVE COLLEGE (Z.B.I.C.C);8HI2WBD110256110;Etablissement;1;3;1er et 2nd Cycles;6;RAS;222021936;NGOYE-RESERVE, 147 KRIBI;1;NGOYE-RESERVE;147 KRIBI;URBAINE
339;COLLEGE POLYVALENT GEORGES SCHWAB EDEA;7HH2WBD111386122;Etablissement;1;3;1er et 2nd Cycles;6;RAS;;EDEA, 7416 YAOUNDE;1;EDEA;7416 YAOUNDE;URBAINE
339;COLLEGE NOTRE DAME;7HH2WFD110106065;Etablissement;2;1;1er et 2nd Cycles;6;RAS;671361420;MBANDA, 244 EDEA;1;MBANDA;244 EDEA;URBAINE
339;COLLEGE PRIVE LAIC FONDATION PIERRE ET PAUL;7HH2WFD110916100;Etablissement;1;1;1er et 2nd Cycles;6;RAS;677967694;MBONDANDIG, 702 EDEA;1;MBONDANDIG;702 EDEA;URBAINE
339;INSTITUT DU RENOUVEAU;7HH2WFD110164093;Etablissement;1;1;1er et 2nd Cycles;6;RAS;699033040;PONDO, 922 EDEA;1;PONDO;922 EDEA;\N
349;COLLEGE PROTESTANT CONAF D'AMBAM;8IC2WFD100292077;Etablissement;4;1;1er Cycle;6;RAS;675945163;NKOL-AMBAM, 19 AMBAM;1;NKOL-AMBAM;19 AMBAM;\N
349;INSTITUT POLYVALENT BILINGUE EMMANUEL LE BRUN;8IC2WFD111388122;Etablissement;1;1;1er et 2nd Cycles;6;RAS;677576767;NKOUMEKEKE, ;1;NKOUMEKEKE;;URBAINE
350;COLLEGE POLYVALENT PERE JOSEPH;8IE2TEFD100301107;Etablissement;4;1;1er Cycle;2;RAS;;POLYVALENT KYE-OSSI, 15112 KYE OSSI;1;POLYVALENT KYE-OSSI;15112 KYE OSSI;\N
358;GRACE COMPREHENSIVE HIGH SCHOOL;2JK2WBD101010105;Etablissement;1;3;1er Cycle;6;RAS;;, ;1;;;\N
358;COLLEGE PRIVE LAIC POLYVALENT DE L'ADAMAOUA;2JK2TEFD100001087;Etablissement;1;1;1er Cycle;2;RAS;243814096;NORD-CIFAN, 329 NGAOUNDERE;1;NORD-CIFAN;329 NGAOUNDERE;\N
360;CETIF SAINT ESPRIT;7IC2TEFD100095065;Etablissement;2;1;1er Cycle;2;RAS;233428855;BONADIBONG, 42 DOUALA;1;BONADIBONG;42 DOUALA;URBAINE
360;COLLEGE PRIVE LAIC DE SECRETARIAT ET DE COMMERCE (COPSECO);7IC2WFD110126076;Etablissement;1;1;1er et 2nd Cycles;6;RAS;668791773;BONAPRISO, 302 DOUALA;1;BONAPRISO;302 DOUALA;\N
360;COLLEGE PRIVE LAIC PRATIQUE DE FORMATION OUVRIERE (CPFO);7IC2WFD110145060;Etablissement;1;1;1er et 2nd Cycles;6;RAS;675248752;BONAPRISO, ;1;BONAPRISO;;\N
360;ECOLE DES SCIENCES APPLIQUEES ET D'ORIENTATION (ESAO);7IC2WFD110158063;Etablissement;1;1;1er et 2nd Cycles;6;RAS;699964075;BALI, 5442 DOUALA;1;BALI;5442 DOUALA;\N
360;INSTITUT DE TECHNOLOGIE ET DE GESTION (INTEG);7IC2WFD110161076;Etablissement;1;1;1er et 2nd Cycles;6;RAS;233157192;AKWA, 592 DOUALA;1;AKWA;592 DOUALA;URBAINE
360;COLLEGE PRIVE CATHOLOQUE D'ENSEIGNEMENT TECHNIQUE DE LA SALLE;7IC2TIFD110113065;Etablissement;2;1;1er et 2nd Cycles;2;RAS;33432143;BONAKOUAMOUANG-, 5377 DLA;1;BONAKOUAMOUANG-;5377 DLA;\N
360;COLLEGE PRIVE LAIC BERNARD EYENGUE NKONGO;7IC2TEFD110117060;Etablissement;1;1;1er et 2nd Cycles;2;RAS;;BONATEKI, 5297;1;BONATEKI;5297;\N
360;COLLEGE PRIVE LAIC POLYVALENT DE DOUALA (CPD);7IC2TEFD110140090;Etablissement;1;1;1er et 2nd Cycles;2;RAS;233432547;BALI, 4100 DOUALA;1;BALI;4100 DOUALA;\N
360;COLLEGE KING AKWA;7IC2WFD010102057;Etablissement;1;1;2nd Cycle;6;RAS;693731309;AKWA, 5410 DOUALA;1;AKWA;5410 DOUALA;\N
361;COLLEGE BILINGUE MAMDOM;7IE2WBD100099092;Etablissement;1;3;1er Cycle;6;RAS;656565625;, 11766 DOUALA;1;;11766 DOUALA;\N
361;COLLEGE POLYVALENT MARIA GORETTI;7IE2WFD110109073;Etablissement;2;1;1er et 2nd Cycles;6;RAS;222231220;NEW BELL , 6122 NEW BELL;1;NEW BELL ;6122 NEW BELL;\N
361;COLLEGE PRIVE LAIC BILINGUE EXCELLENCE TERCIO;7IE2WFD110119108;Etablissement;1;1;1er et 2nd Cycles;6;RAS;693847888;BONALOKA, 1899 DOUALA;1;BONALOKA;1899 DOUALA;\N
361;INSTITUT PROFESSIONNEL DES TECHNOLOGIES AVANCEES (IPTA);7IE2WFD110177110;Etablissement;1;1;1er et 2nd Cycles;6;RAS;699927046;NEW-BELL, 8052 douala;1;NEW-BELL;8052 douala;\N
361;COLLEGE EVANGELIQUE NEW BELL;7IE2TCFD010101087;Etablissement;4;1;2nd Cycle;2;RAS;;, ;1;;;\N
362;COLLEGE PRIVE LAIC KING DAVID COMPREHENSIVE COLLEGE;7IH2WFD100129112;Etablissement;1;1;1er Cycle;6;RAS;243531387;SO-BOUM, 1377 DOUALA;1;SO-BOUM;1377 DOUALA;URBAINE
362;COLLEGE PRIVE LAIC POLYVALENT MOHOUA TACHOMKAM;7IH2WFD100143091;Etablissement;1;1;1er Cycle;6;RAS;677932612;BOKO DOUALA 3, 13274 DOUALA;1;BOKO DOUALA 3;13274 DOUALA;\N
362;FONDATION BILINGUE PIERRE MARIE NDJOKO;7IH2WFD100159101;Etablissement;1;1;1er Cycle;6;RAS;677967694;BASSA PK 8, 1237 Douala;1;BASSA PK 8;1237 Douala;\N
362;INSTITUT LA MADONE;7IH2WFD100165091;Etablissement;1;1;1er Cycle;6;RAS;633402084;BONAMOUTONGO, 61 NJOMBE;1;BONAMOUTONGO;61 NJOMBE;\N
362;COMPLEXE SCOLAIRE BILINGUE SAINT GABRIEL RITA;7IH2TIBD101143116;Etablissement;1;3;1er Cycle;2;RAS;674361676;YASSA, 7261 DOUALA;1;YASSA;7261 DOUALA;\N
362;ELIDENS COMPREHENSIVE COLLEGE;7IH2WAD111402119;Etablissement;1;2;1er et 2nd Cycles;6;RAS;651369624;NGODI BAKOKO, ;1;NGODI BAKOKO;;\N
362;COLLEGE CATHOLIQUE NOTRE DAME DES NATIONS;7IH2WFD111196109;Etablissement;2;1;1er et 2nd Cycles;6;RAS;696937296;MBANGA BAKOKO, 179 DOUALA;1;MBANGA BAKOKO;179 DOUALA;\N
362;COLLEGE MEUKOUONTCHOU;7IH2WFD111285099;Etablissement;1;1;1er et 2nd Cycles;6;RAS;677445912;SONGA BOKO, 18540 YAOUNDE;1;SONGA BOKO;18540 YAOUNDE;\N
362;COLLEGE POLYVALENT BILINGUE RETI;7IH2WFD110998114;Etablissement;1;1;1er et 2nd Cycles;6;RAS;676485753;NDOGPASSI 2, 7774 DOUALA;1;NDOGPASSI 2;7774 DOUALA;\N
362;COLLEGE PRIVE LAIC  ROGER MFUPA;7IH2WFD110138107;Etablissement;1;1;1er et 2nd Cycles;6;RAS;691513161;NDOGPASI, 6132 DOUALA;1;NDOGPASI;6132 DOUALA;URBAINE
362;COLLEGE PRIVE LAIC ANDRE NGUEBONG (CPLAN);7IH2WFD110115100;Etablissement;1;1;1er et 2nd Cycles;6;RAS;678629725;NDOGPASSI, 7362  DOUALA;1;NDOGPASSI;7362  DOUALA;URBAINE
362;COLLEGE PRIVE LAIC BENEDICT;7IH2WFD110116074;Etablissement;1;1;1er et 2nd Cycles;6;RAS;699862256;NDOGSIMBI,  7237 bassa;1;NDOGSIMBI; 7237 bassa;\N
362;COLLEGE PRIVE LAIC DE LA VALLEE;7IH2WFD110125102;Etablissement;1;1;1er et 2nd Cycles;6;RAS;699551899;BOKO, 17353 DOUALA;1;BOKO;17353 DOUALA;\N
362;COLLEGE PRIVE LAIC LA MANNE;7IH2WFD110131106;Etablissement;1;1;1er et 2nd Cycles;6;RAS;693388812;BOKO, 12646 DOUALA;1;BOKO;12646 DOUALA;\N
362;COLLEGE PRIVE LAIC LE ZENITH;7IH2WFD110136110;Etablissement;1;1;1er et 2nd Cycles;6;RAS;676358860;NYALLA KAMBO, 7893 DOUALA;1;NYALLA KAMBO;7893 DOUALA;\N
362;COLLEGE PRIVE LAIC LES CONQUERANTS;7IH2WFD110137108;Etablissement;1;1;1er et 2nd Cycles;6;RAS;679802326;DIBOUM DOUALA 3, 6182 DOUALA;1;DIBOUM DOUALA 3;6182 DOUALA;URBAINE
362;COLLEGE PRIVE LAIC POLYVALENT DEO GRATIAS;7IH2WFD110141102;Etablissement;1;1;1er et 2nd Cycles;6;RAS;655452617;DOGHEM 2,        8660 DOUALA;1;DOGHEM 2;       8660 DOUALA;\N
362;COLLEGE PRIVE LAIC POLYVALENT LES PRODIGES;7IH2WFD110142111;Etablissement;1;1;1er et 2nd Cycles;6;RAS;699447110;LOGBABA, 7259  DOUALA;1;LOGBABA;7259  DOUALA;\N
362;COLLEGE PRIVE LAIC SAINTE MARTHE;7IH2WFD110146092;Etablissement;1;1;1er et 2nd Cycles;6;RAS;243281428;NYLON BRAZZAVILLE, 1405 DOUALA;1;NYLON BRAZZAVILLE;1405 DOUALA;\N
362;COLLEGE PRIVE LAIC SUZANNA;7IH2WFD110149107;Etablissement;1;1;1er et 2nd Cycles;6;RAS;693388812;SEBOUM, 12646 DOUALA;1;SEBOUM;12646 DOUALA;\N
362;INSTITUT DES TECHNIQUES INDUSTRIELLES  ET  COMMERCIALES (ITIC);7IH2WFD110163081;Etablissement;1;1;1er et 2nd Cycles;6;RAS;677753169;NDOG-MBE I LOGBABA,  2542 DOUALA;1;NDOG-MBE I LOGBABA; 2542 DOUALA;\N
362;INSTITUT POLYVALENT BILINGUE PIEDJOU;7IH2WFD111115107;Etablissement;1;1;1er et 2nd Cycles;6;RAS;677753380;NGODI-BAKOKO, 5718 DOUALA;1;NGODI-BAKOKO;5718 DOUALA;RURALE
362;INSTITUT PRIVE SAINT LOUIS DU COMPLEXE SCOLAIRE DE DOUALA;7IH2WFD110175092;Etablissement;1;1;1er et 2nd Cycles;6;RAS;233373378;PK 11 NDOG HEM, 12489 DOUALA;1;PK 11 NDOG HEM;12489 DOUALA;\N
362;INSTITUTT PRIVE YULIANA;7IH2WFE110179094;Etablissement;1;1;1er et 2nd Cycles;6;RAS;677788584;LOGBABA, 7388 DOUALA;1;LOGBABA;7388 DOUALA;\N
362;COLLEGE PRIVE CATHOLIQUE ANUARITE;7IH2TIFD110110106;Etablissement;2;1;1er et 2nd Cycles;2;RAS;679831502;OYACK, 7330 DOUALA 3 EME;1;OYACK;7330 DOUALA 3 EME;\N
362;INSTITUT SECONDAIRE DE TECHNOLOGIE (IST);7IH2TIFD110178090;Etablissement;1;1;1er et 2nd Cycles;2;RAS;233402016;CITE DE LA PAIX, 24097 DOUALA;1;CITE DE LA PAIX;24097 DOUALA;\N
362;COLLEGE SAINT CHARLES BORROMEE;7IH2TEFD110154100;Etablissement;1;1;1er et 2nd Cycles;2;RAS;;NDOGSIMBI-DOUALA, 7204;1;NDOGSIMBI-DOUALA;7204;\N
362;COURS DU SOIR DE L'INSTITUT SECONDAIRE DE TECHNOLOGIE;7IH2TEFE111286093;Etablissement;1;1;1er et 2nd Cycles;2;RAS;699927046;NDOGBA II, 24097 DOUALA;1;NDOGBA II;24097 DOUALA;\N
362;COLLEGE PRIVE BILINGUE ELISABETH NKWAMEGNI;7IH2WBD011120111;Etablissement;1;3;2nd Cycle;6;RAS;677851628;NDOGPASSI III, 7362 DLA;1;NDOGPASSI III;7362 DLA;\N
362;COLLEGE PRIVE LAIC  LA BERGERE;7IH2WFD010114102;Etablissement;1;1;2nd Cycle;6;RAS;233055384;OYACK, 7516 DOUALA;1;OYACK;7516 DOUALA;\N
362;COLLEGE PRIVE LAIC LA ROCHE;7IH2WFD010133097;Etablissement;1;1;2nd Cycle;6;RAS;233375061;NDOKOTI 3, 3299 DOUALA;1;NDOKOTI 3;3299 DOUALA;\N
362;COLLEGE PRIVE LAIC POZAM;7IH2WFD010144096;Etablissement;1;1;2nd Cycle;6;RAS;233013043;BONALOKA, 5612 DOUALA;1;BONALOKA;5612 DOUALA;\N
362;INSTITUT PRIVE LAIC POLYVALENT MINFANG;7IH2WFD010174100;Etablissement;1;1;2nd Cycle;6;RAS;677788568;PK 14 LOGBESSOU, 5363 DOUALA;1;PK 14 LOGBESSOU;5363 DOUALA;\N
362;COLLEGE PRIVE LAIC FOTSO DANIEL;7IH2TCAD010128109;Etablissement;1;2;2nd Cycle;2;RAS;;, ;1;;;\N
363;COLLEGE PRIVE LAIC BILINGUE TONGO;7II2WBD110152096;Etablissement;1;3;1er Cycle;6;RAS;679163278;MAMBANDA, 9146 DOUALA;1;MAMBANDA;9146 DOUALA;URBAINE
363;OMNITECH BILINGUAL COLLEGE;7II2WBD101405123;Etablissement;1;3;1er Cycle;6;RAS;699572951;SODIKO-BONABERI, ;1;SODIKO-BONABERI;;RURALE
363;DOUALA ACADEMY OF ARTS AND SCIENCES (DASS);7II2WFD100157090;Etablissement;1;1;1er Cycle;6;RAS;;, ;1;;;\N
363;ATLANTA BILINGUAL COMPREHENSIVE HIGH SCHOOL;7II2TIAD101197112;Etablissement;1;2;1er Cycle;2;RAS;233001599;BONABERI, 9338 DOUALA;1;BONABERI;9338 DOUALA;\N
363;INSTITUT BILINGUE TONJI;7II2TEFD100160091;Etablissement;1;1;1er Cycle;2;RAS;653999562;MAMBANDA, 6251 BONABERI;1;MAMBANDA;6251 BONABERI;\N
363;NATIONAL BILINGUAL COLLEGE;7II2WAD111110104;Etablissement;1;2;1er et 2nd Cycles;6;RAS;670452655;BONAMMBAPPE, 9256 DOUALA;1;BONAMMBAPPE;9256 DOUALA;\N
363;SMART COLLEGE OF TECHNOLOGY DE SODIKO;7II2WAD111439123;Etablissement;1;2;1er et 2nd Cycles;6;RAS;677778044;SODIKO, 9496 DOUALA;1;SODIKO;9496 DOUALA;\N
363;COLLEGE BILINGUE POLYVALENT TCHEUFFA FILS;7II2WBD110150102;Etablissement;1;3;1er et 2nd Cycles;6;RAS;677703444;NGWELLE-BONABERI, 9215 DOUALA;1;NGWELLE-BONABERI;9215 DOUALA;\N
363;COLLEGE PRIVE LAIC BILINGUE IVAN;7II2WBD111390111;Etablissement;1;3;1er et 2nd Cycles;6;RAS;699956506;SODIKO, 3753 DOUALA;1;SODIKO;3753 DOUALA;URBAINE
363;COMPLEXE ACADEMIQUE BILINGUE DE VENISE;7II2WBD111198114;Etablissement;1;3;1er et 2nd Cycles;6;RAS;699927525;SODIKO, 9620 DOUALA;1;SODIKO;9620 DOUALA;\N
363;CETI BILINGUE NGUEGA;7II2WFD110093101;Etablissement;1;1;1er et 2nd Cycles;6;RAS;677776476;BONENDALE, 9229 DOUALA;1;BONENDALE;9229 DOUALA;URBAINE
363;COLLEGE PRIVE LAIC BILINGUE EMERGENCE MIAFFO SOLANGE;7II2WFD110118110;Etablissement;1;1;1er et 2nd Cycles;6;RAS;699296401;BONABERI, 12673 DOUALA;1;BONABERI;12673 DOUALA;\N
363;INSTITUT POLYVALENT BILINGUE LES RAYONS SOLEIL;7II2WFD111181102;Etablissement;1;1;1er et 2nd Cycles;6;RAS;695270961;BONABERI, 9063 DOUALA;1;BONABERI;9063 DOUALA;RURALE
363;COLLEGE PRIVE CATHOLIQUE SAINTE CECILE;7II2TIFD110112084;Etablissement;2;1;1er et 2nd Cycles;2;RAS;;, ;1;;;URBAINE
363;ATLANTIC BILINGUAL COLLEGE GRAND HANGAR ;7II2TEFD110090090;Etablissement;1;1;1er et 2nd Cycles;2;RAS;;DOUALA 4, 2828 DOUALA;1;DOUALA 4;2828 DOUALA;\N
363;COLLEGE LAMARTINE;7II2TEFD110103096;Etablissement;1;1;1er et 2nd Cycles;2;RAS;677680581;BONAMBAPPE, 11020 DLA;1;BONAMBAPPE;11020 DLA;\N
363;COLLEGE PRIVE LAIC BILINGUE NGUESSON CHARLES;7II2TEFD110120101;Etablissement;1;1;1er et 2nd Cycles;2;RAS;678534142;MAMBANDA, 9290 DOUALA;1;MAMBANDA;9290 DOUALA;\N
363;INSTITUT MODERNE POLYVALENT DE BONABERI(IMPB);7II2TEFD110166098;Etablissement;1;1;1er et 2nd Cycles;2;RAS;698709922;BONABERI, 18340;1;BONABERI;18340;\N
363;COLLEGE DU LEVANT;7II2TEFD010100070;Etablissement;1;1;2nd Cycle;2;RAS;233390813;MPANJO, 9172 DLA;1;MPANJO;9172 DLA;\N
363;COLLEGE PRIVE LAIC CLASSIQUE DE BONABERI;7II2TEFD010122091;Etablissement;1;1;2nd Cycle;2;RAS;691806228;BONAMBAPPE, 9046 DLA;1;BONAMBAPPE;9046 DLA;\N
364;MEMORY BILINGUAL SECONDARY SCHOOL;7IJ2WAD101301114;Etablissement;1;2;1er Cycle;6;RAS;677602970;BONABERI, 5169 DOUALA;1;BONABERI;5169 DOUALA;RURALE
364;COLLEGE PRIVE LAIC SOLEIL;7IJ2WFD100148095;Etablissement;1;1;1er Cycle;6;RAS;699991545;LOGBESOU, 2142 DOUALA;1;LOGBESOU;2142 DOUALA;URBAINE
364;COLLEGE POLYVALENT BILINGUE BAHO;7IJ2WBD110107092;Etablissement;1;3;1er et 2nd Cycles;6;RAS;243103699;, 1809 DOUALA;1;;1809 DOUALA;\N
364;COLLEGE PRIVE LAIC BILINGUE L'ORCHIDEE;7IJ2WBD111119106;Etablissement;1;3;1er et 2nd Cycles;6;RAS;;MAKEPE SAINT TROPEZ, 11525 DOUALA;1;MAKEPE SAINT TROPEZ;11525 DOUALA;URBAINE
364;INSTITUT BILINGUE DE TECHNOLOGIE;7IJ2WBD111393121;Etablissement;1;3;1er et 2nd Cycles;6;RAS;679541617;LOGBESSOU, 001 MELONG;1;LOGBESSOU;001 MELONG;\N
364;INSTITUT POLYVALENT BILINGUE SAINTE JULIENNE;7IJ2WBD111283120;Etablissement;1;3;1er et 2nd Cycles;6;RAS;699544066;NGOMA PK 19, 6490 DOUALA;1;NGOMA PK 19;6490 DOUALA;RURALE
364;RAPHA BILINGUAL SCHOOL COMPLEX;7IJ2WBD111200114;Etablissement;1;3;1er et 2nd Cycles;6;RAS;677565915;PK 17 LOGPOM, 7290 DOUALA;1;PK 17 LOGPOM;7290 DOUALA;\N
364;COLLEGE PRIVE CATHOLIQUE SAINT JOSEPH;7IJ2WFD110111104;Etablissement;2;1;1er et 2nd Cycles;6;RAS;33491527;BASSA PK 10, 70 DJOMBE;1;BASSA PK 10;70 DJOMBE;\N
364; COLLEGE FOKOUA MICHEL DE SAPE LE JOURDAIN ;7IJ2WFD111122104;Etablissement;1;1;1er et 2nd Cycles;6;RAS;699833478;PK.21 NSAPE, 2142 DOUALA;1;PK.21 NSAPE;2142 DOUALA;RURALE
364;COLLEGE BILINGUE DU CENTRE;7IJ2WFD110096076;Etablissement;1;1;1er et 2nd Cycles;6;RAS;677616465;OMNISPORT, 8370 DOUALA;1;OMNISPORT;8370 DOUALA;\N
364;COLLEGE BILINGUE LA MATURITE;7IJ2WFD110097088;Etablissement;1;1;1er et 2nd Cycles;6;RAS;233401341;BEPANDA, 6081 DOUALA;1;BEPANDA;6081 DOUALA;\N
364;COLLEGE MODERNE BILINGUE DES LAUREATS;7IJ2WFD110104099;Etablissement;1;1;1er et 2nd Cycles;6;RAS;233470608;, 6081 DOUALA;1;;6081 DOUALA;\N
364;COLLEGE POLYVALENT BILINGUE DU VAAL;7IJ2WFD111282120;Etablissement;1;1;1er et 2nd Cycles;6;RAS;6999077400;BEEDI, 8799 DOUALA;1;BEEDI;8799 DOUALA;URBAINE
364;COLLEGE PRIVE LAIC CHARLES DE GAULLE (CCG);7IJ2WFD110121102;Etablissement;1;1;1er et 2nd Cycles;6;RAS;677713758;LOGPOM, 8527 DOUALA;1;LOGPOM;8527 DOUALA;\N
364;COLLEGE PRIVE LAIC LA CONQUETE;7IJ2WFD110130095;Etablissement;1;1;1er et 2nd Cycles;6;RAS;233377641;MALANGUE, 11237 DOUALA;1;MALANGUE;11237 DOUALA;\N
364;INSTITUT DES SCIENCES ET TECHNIQUES COMMERCIALES  (ISTC);7IJ2WFD110162094;Etablissement;1;1;1er et 2nd Cycles;6;RAS;233371356;CITE DES PALMIERS DOUALA , 7308 DOUALA;1;CITE DES PALMIERS DOUALA ;7308 DOUALA;\N
364;INSTITUT POLYVALENT DE BONAMOUSSADI (IPPB);7IJ2WFD110168090;Etablissement;1;1;1er et 2nd Cycles;6;RAS;233470075;BONAMOUSSADI, 8527 DOUALA;1;BONAMOUSSADI;8527 DOUALA;\N
364;INSTITUT POLYVALENT MITANYOU;7IJ2WFD110170104;Etablissement;1;1;1er et 2nd Cycles;6;RAS;699818739;NDOG BATI, 3731 DOUALA;1;NDOG BATI;3731 DOUALA;\N
364;INSTITUT POLYVALENT NANFAH;7IJ2WFD110172094;Etablissement;1;1;1er et 2nd Cycles;6;RAS;699416990;BONAMOUSSADI, 5816 DOUALA;1;BONAMOUSSADI;5816 DOUALA;\N
364;INSTITUT PRIVE LAIC DES TECHNIQUES ADMINISTRATIVES ET COMMERCIALES (INTAC);7IJ2WFD110173097;Etablissement;1;1;1er et 2nd Cycles;6;RAS;677609420;BEPANDA, 1973 DOUALA;1;BEPANDA;1973 DOUALA;\N
364;  INSTITUT BILINGUE DE TECHNOLOGIE;7IJ2TEBD111357121;Etablissement;1;3;1er et 2nd Cycles;2;RAS;679541617;LOGBESSOU, ;1;LOGBESSOU;;\N
364;CENTRE D'ENSEIGNEMENT ET DE FORMATION TECHNIQUE INDUSTRIELLE (CEFTI);7IJ2TEFD110092100;Etablissement;1;1;1er et 2nd Cycles;2;RAS;676500140;SABLE (AKWA-NORD), 3001 DOUALA;1;SABLE (AKWA-NORD);3001 DOUALA;\N
364;COSNA-PROGRES;7IJ2TEFE111199116;Etablissement;1;1;1er et 2nd Cycles;2;RAS;697390613;BONAMOUSSADI, 5816 DOUALA;1;BONAMOUSSADI;5816 DOUALA;\N
364;INSTITUT POLYVALENT FOSSO;7IJ2TEFD110169089;Etablissement;1;1;1er et 2nd Cycles;2;RAS;674873630;BEPANDA, 5050 DOUALA;1;BEPANDA;5050 DOUALA;\N
364;COLLEGE PRIVE LAIC LAVAL;7IJ2WFD010134110;Etablissement;1;1;2nd Cycle;6;RAS;643071722;MAKEPE, 7281 DOUALA;1;MAKEPE;7281 DOUALA;\N
364;COLLEGE PRIVE LAIC LE NIL;7IJ2WFD010135102;Etablissement;1;1;2nd Cycle;6;RAS;677704813;, 15273 DOUALA;1;;15273 DOUALA;URBAINE
364;COMPLEXE SCOLAIRE ADONAI;7IJ2WFD010156106;Etablissement;1;1;2nd Cycle;6;RAS;699956189;LOGPOM DOUALA 5, 24097 DOUALA;1;LOGPOM DOUALA 5;24097 DOUALA;\N
364;COLLEGE BILINGUE LES LEADERS;7IJ2TEFD010098113;Etablissement;1;1;2nd Cycle;2;RAS;694249929;PK13 BASSA, 7279 DOUALA;1;PK13 BASSA;7279 DOUALA;\N
364;INSTITUT PROFESSIONNEL D'HOTELLERIE (I.P.H);7IJ2TPFD010176111;Etablissement;1;1;2nd Cycle;2;RAS;677706832;NDOGBONG, 12563 DOUALA;1;NDOGBONG;12563 DOUALA;\N